00090bdd,0.589212954044,3.44672480423e-05,0.194950968027,1.31102933665e-05,0.125064119697,6.19590937276e-05,0.00189822143875,0.0234286896884,0.00772528769448,0.0576103106141
00a57e5c,0.000673188362271,0.412165999413,0.000146669102833,0.000193091545952,2.47135940299e-05,9.00481973076e-05,0.00348585378379,1.61284242495e-05,0.58289116621,0.000313121214276
00a7b3f5,0.0669260248542,0.00722793117166,0.0576359219849,9.81812918326e-05,0.00197441200726,0.0218830611557,0.359731286764,0.476646512747,0.000151495842147,0.0077250469476
01280074,0.000293855788186,1.24148527902e-06,0.339098483324,0.00163503596559,0.00330045633018,0.0020430390723,3.13334967359e-05,0.000450057501439,0.575234532356,0.0779119879007
01457e09,2.09605186683e-05,5.2395914274e-09,0.403965294361,2.14288284042e-05,2.79560595118e-07,2.75615779088e-08,2.32360525843e-05,3.18811033129e-10,0.595717847347,0.000250949029578
01eba903,0.51951110363,1.43554161696e-05,0.00306796981022,3.487379945e-05,3.03759406961e-06,7.80076297815e-05,7.98636222044e-07,0.460045009851,0.0162132550031,0.00103157036938
02531ef3,2.66556043016e-07,9.26653775934e-09,2.9748630368e-06,0.516390562057,4.9576794936e-07,0.00317203160375,4.65739946609e-10,0.000615890603513,0.0002308452531,0.479586869478
03b0baaf,0.44749724865,0.00292633497156,0.00646792259067,5.96651807427e-05,0.000182925577974,0.00402010930702,0.180027350783,0.347374528646,1.40866850415e-05,0.0114298248664
03eb9eb7,3.25927999256e-07,0.000294533325359,0.00141383009031,0.00727405818179,0.346046358347,5.12792212248e-06,5.90902516251e-07,0.583961069584,0.0014475347707,0.0595566108823
07bab426,8.92369413918e-08,5.53637164558e-07,4.04997217629e-06,0.000117450370453,0.435585916042,0.0162674468011,2.23099068535e-05,0.504046797752,8.46800321597e-05,0.0438706949353
07c5c179,1.83336414921e-05,4.26676670031e-05,0.000170757586602,2.77395258763e-07,0.443842619658,1.12637908387e-05,0.554648578167,0.000551529636141,0.000348496309016,0.000365454965504
08200929,0.000113114532724,0.00152278668247,0.409437030554,1.68153935221e-09,2.18733089241e-06,1.35809017365e-08,0.588924527168,4.51836923432e-09,3.68925952898e-07,1.05120467886e-10
0b24a853,1.35030086312e-06,1.16954861369e-05,2.07107042627e-08,0.581149578094,1.21863990898e-07,0.368066608906,1.11239355505e-08,1.41485297718e-05,7.34270579414e-05,0.0506829619408
0ba7d869,3.14795875056e-06,0.550677955151,0.448881387711,0.000380391720682,1.00325563829e-11,7.78581306804e-06,7.57703944032e-08,4.82401701447e-05,1.76175216637e-08,1.0433548141e-06
0c41d160,0.148033201694,0.000212579529034,0.210553139448,0.00234989123419,1.23278041428e-05,0.286047339439,0.27143228054,0.00375409866683,0.0499841794372,0.0276210103184
0c5969de,6.19299953541e-06,4.45910009148e-05,0.55103623867,0.443655580282,1.25977436483e-07,0.00516137480736,1.49024654092e-05,4.57336545878e-06,7.56422159611e-05,8.11904101283e-07
0d026d65,0.508176743984,1.09684478957e-05,4.73803265777e-05,0.000287224858766,1.7060267643e-09,0.00662643276155,7.4112438142e-07,0.484806656837,1.47870350702e-05,2.90605730697e-05
0e15d358,0.432319253683,0.00397965312004,0.175028860569,0.000180949209607,0.00328973471187,0.0363918095827,0.250446408987,0.0977766513824,3.93427326344e-05,0.000547314004507
0f2c6b32,6.07169070577e-09,1.64031916938e-07,6.55823271245e-08,1.2845805486e-06,0.555188179016,1.04081337327e-07,3.8120326451e-08,0.00112630520016,1.58159275543e-06,0.443682312965
0f7f14a4,0.000501502654515,0.00661440519616,0.54434800148,0.0110389208421,0.000393589638406,0.0803864374757,0.131637752056,0.191041395068,0.0336422324181,0.000395757437218
10834a3a,2.5139167974e-06,5.75064369457e-08,7.30978172214e-06,7.11333143499e-08,1.67128163753e-07,0.488148421049,0.379443764687,1.06831155033e-10,0.132397651672,6.87174477321e-08
113354b2,1.23691581422e-08,2.11195765587e-06,0.37631893158,0.0341181010008,0.0382515341043,1.18861631648e-08,7.50391526694e-10,0.547518908978,2.6599470857e-06,0.00378765841015
1150203f,2.58268446629e-08,5.6400875792e-07,0.46038505435,0.00107959716115,2.73607469126e-07,4.63794697092e-10,5.74119501939e-11,0.538492143154,8.9592433028e-08,4.22622142651e-05
123517ef,0.00070252007572,0.0434940643609,0.542364835739,0.167368769646,2.26962092711e-05,2.14496526496e-06,8.70488111104e-06,0.242859840393,0.00300805130973,0.000168289145222
1295c7a8,0.0273312535137,6.10557835898e-05,0.00651043467224,0.0506976470351,0.00142173375934,0.00427161250263,0.454338431358,1.06052311821e-05,0.454761743546,0.000595484802034
137d00ed,4.26179576607e-06,0.000429339474067,0.000227908516536,0.0013815931743,0.498530358076,9.27314886212e-06,1.16582195915e-05,0.00657072663307,0.000232350314036,0.492602527142
139febe2,0.0936411470175,0.034275777638,0.238424956799,0.0130083393306,1.01214936876e-05,0.00131150044035,4.78611182189e-05,0.368185967207,0.000993244000711,0.250101089478
140c6b49,6.25189144898e-08,1.11314717444e-08,1.11258475499e-06,1.59912385556e-08,0.53957092762,2.81907347244e-07,0.00609907088801,2.19550997826e-06,1.27735420392e-05,0.454313606024
14967144,0.0503766164184,7.51684183342e-06,0.465819567442,0.000424777943408,4.56488109535e-08,3.85728128549e-07,9.57605106322e-09,0.477232396603,8.21844059828e-06,0.00613046810031
15085fbf,1.79563865998e-08,3.07095038288e-09,0.000314973003697,0.573168098927,6.29143244169e-08,3.76352232934e-07,4.74375816406e-10,1.06965112323e-08,0.426511049271,5.40906557944e-06
155d780c,1.26573777379e-05,0.110313013196,0.551794469357,0.337829589844,1.90904370356e-06,5.41100519058e-07,1.20092663565e-05,3.20320723404e-05,4.43481127377e-07,3.29319482262e-06
15a7d79d,0.000245100469328,0.351246953011,5.21093825228e-05,0.00216216244735,0.000364738662029,0.000531313475221,9.52066238824e-06,0.00348850875162,0.142247900367,0.499651730061
15e6d576,0.392233639956,0.00046517921146,0.0122822746634,0.00329922186211,6.32687076063e-08,0.00858348514885,0.000734670087695,0.581590294838,2.83508074972e-06,0.000808334443718
16eea907,4.67154166017e-07,1.2909585223e-07,0.000557665945962,7.08366485469e-08,0.493842095137,1.53241319367e-06,0.4965031147,6.2041763158e-05,0.00653103319928,0.00250188214704
1829941a,3.09646134156e-06,0.492767304182,0.506540358067,0.000114135378681,5.54369253223e-05,3.89091701436e-06,0.000446383142844,6.89824955771e-05,4.05468398412e-07,8.0672592162e-08
1837cab2,0.056857150048,0.133980080485,0.380963772535,6.56980701024e-05,0.00184400088619,2.81317607005e-05,8.93573815119e-05,0.293681025505,0.00150667817798,0.130984157324
1a7db111,0.516665935516,1.02337068597e-07,0.286425590515,2.99151633953e-05,0.0186154525727,0.000128695231979,0.000907172157895,2.69842457783e-05,0.133962079883,0.0432380177081
1aa66839,4.7278700066e-08,1.29053125875e-06,8.08396748653e-07,1.39217027026e-05,0.346420884132,6.36837341972e-07,7.09936358589e-08,0.127565741539,2.90508978651e-07,0.525996267796
1e8c7204,0.0645292773843,0.0036834680941,0.0176230818033,0.000236077379668,0.00108995835762,0.0260395277292,0.458168745041,0.427120506763,5.35867038707e-05,0.00145575311035
1eb0ca4f,4.00867065764e-07,1.49203890487e-06,4.36751470261e-05,5.56863085421e-07,0.421549111605,8.34208364608e-08,1.28173078338e-05,0.000286174530629,0.000180587536306,0.577925086021
2028ae25,4.58107497252e-05,1.4183260646e-06,0.566995978355,0.286826372147,3.03576575789e-06,0.000135964539368,4.57095484308e-05,6.42916211291e-06,0.145688295364,0.00025098916376
203646d2,0.00700415251777,0.574151813984,0.000654707720969,0.0728728100657,9.83579084277e-05,0.0215455256402,0.00045212477562,0.00212974427268,0.314937800169,0.0061529208906
206dc050,0.0018938613357,0.401535212994,0.25728932023,6.00810778906e-08,0.000131949054776,4.1583227528e-08,0.337115049362,2.43428553404e-06,0.00203065620735,1.50838639001e-06
20805059,0.169609487057,0.000384661077987,0.0875878632069,4.89235280838e-05,0.0630425587296,0.0550934895873,0.5813382864,0.041513312608,0.00064367701998,0.000737775932066
210de434,1.81357313522e-06,0.454746186733,0.000375515635824,0.544715285301,8.60232507449e-09,0.000159763163538,4.53894273278e-07,1.15949234214e-07,3.91669232158e-07,3.8572017047e-07
21725cae,1.31365879952e-06,4.06015569752e-05,0.00702371541411,6.12035046288e-06,0.513358592987,5.95618439547e-06,0.00572528503835,0.472177535295,0.000421195698436,0.00123967020772
21c2bfa3,0.288494884968,0.00128123979084,0.0359528809786,0.000873665441759,0.00619350234047,0.000606775516644,0.170849055052,0.000226776843192,0.493098527193,0.00242276675999
21e9e565,0.000199464295292,0.191465198994,0.596653819084,0.042392950505,0.0175222568214,4.84708652948e-06,0.0716486424208,0.000409162195865,0.0786134377122,0.00109025393613
22187acd,0.442734628916,4.55390945717e-05,0.0128911416978,0.524411797523,3.44422090848e-07,0.0177856590599,0.000227953481954,1.48700546561e-05,0.000408872932894,0.00147913757246
23340425,1.93880715926e-08,1.2107426528e-07,0.000106872183096,0.020250339061,0.00123876228463,5.51455595996e-05,3.5270424803e-08,0.465476721525,0.00239166151732,0.510480284691
23bbfa59,2.06823315239e-05,0.00194092327729,0.0591274984181,0.0327489003539,0.228424817324,0.0839459076524,0.00519523024559,0.000989159801975,0.586443603039,0.00116321258247
23deb0d6,0.0677251070738,0.000116564711789,0.458223074675,0.000164940705872,6.91932018526e-06,0.000101532161352,4.8726255045e-05,9.96247690637e-05,0.0665619745851,0.406951576471
23e89229,0.000526858319063,8.3250500893e-07,0.433516025543,0.11957307905,0.000433656794485,1.60368799698e-05,0.00050051586004,1.10619851057e-06,0.445182293653,0.000249651726335
24074718,1.7255447915e-07,1.99119720712e-09,0.503246486187,0.00934245344251,2.58658528764e-05,1.1264350519e-07,8.20585981387e-08,3.14026387116e-08,0.487125903368,0.000258870160906
249afbed,0.566696882248,1.33843798267e-06,0.000645194551907,0.0885123237967,1.40645017854e-09,0.000221943904762,6.20598484602e-06,0.00635518692434,0.00204431754537,0.335516601801
24b62663,7.41611984267e-07,1.40063008303e-07,8.24769941232e-09,0.528481483459,1.8855635369e-12,0.471496254206,4.32655734156e-12,1.30010124888e-09,1.03532931917e-06,2.03097461053e-05
25dfd9b6,6.95913771054e-09,7.05915908839e-06,3.15283550378e-08,6.33578679299e-07,0.518236637115,2.10931420952e-06,0.000112964429718,4.93749621455e-06,4.42035144488e-07,0.481635153294
2660efbe,2.2190852178e-07,3.48341822054e-09,5.41772521956e-07,0.514130055904,7.50630206312e-05,0.00922824908048,1.97945482228e-08,4.83275286456e-09,0.0176026336849,0.458963155746
28277535,0.452325224876,1.56412752403e-05,2.35005950344e-06,2.43507116693e-07,0.00211457582191,0.00256465282291,0.000194791311515,0.536183714867,1.3100769138e-05,0.00658569391817
297ef552,0.418821632862,0.000397131982027,0.032013785094,0.00141870556399,2.57701904047e-05,0.120685093105,0.000963645754382,0.309799551964,0.0594920516014,0.0563826300204
2a20a941,0.0200148969889,0.000153227418195,0.0271663945168,7.10012216132e-07,0.350246876478,2.16586504393e-05,0.537177622318,0.0030288498383,5.03820374433e-05,0.062139339745
2a83aad1,0.535121560097,0.000791939033661,3.8727393985e-05,0.000148792925756,8.8343724201e-05,0.00136089231819,0.461668223143,5.57903467779e-06,0.000696135859471,7.9795390775e-05
2ae4aa8b,0.00386163056828,1.03903794013e-07,0.00784888863564,6.25250322628e-08,2.90471348308e-06,0.00154434575234,0.551370024681,6.72077371533e-09,0.435329735279,4.23587371188e-05
2b0b13a1,2.84969132736e-08,3.23920907874e-08,1.6445292772e-07,4.0948165406e-05,1.45379442529e-06,3.90072045775e-06,2.02028549445e-09,3.46596436884e-07,0.58186596632,0.418087154627
2d63d154,1.4501863177e-07,7.17564716979e-07,0.545832633972,0.000837136467453,1.22224702581e-10,2.09560762298e-13,6.28818665974e-13,0.453328371048,4.4943510602e-07,5.60168587072e-07
2da3ac8b,0.271205991507,0.000182825970114,0.542363107204,0.000341684441082,0.0264828652143,0.000191880113562,0.00146898219828,3.71110945707e-05,0.15400378406,0.00372176547535
2efea5cd,1.02111391698e-06,0.550550878048,0.44923812151,7.40824816603e-06,8.39583026391e-06,4.14761103684e-07,9.88161191344e-05,9.30901514948e-05,1.15729983463e-06,7.56404119784e-07
2ffb1b8b,2.68613025156e-08,7.1864083111e-06,0.549830794334,0.0032558941748,4.0958645438e-13,7.08683667305e-10,3.11106307382e-10,0.446899294853,6.81526762492e-06,1.8668773194e-08
300b300d,0.00217471783981,0.0211173240095,0.00708159804344,0.464988470078,1.88632075151e-05,0.000464603479486,4.58396971226e-06,0.0530587360263,0.435922980309,0.015168087557
302400b6,1.71961403339e-06,1.77168965365e-06,1.63355844052e-06,6.80803259456e-06,5.11303852591e-08,0.503696501255,0.000762671872508,1.38521798476e-07,0.495528608561,9.14206879088e-08
3169468c,2.22224662139e-06,4.64392108102e-10,1.74362423877e-06,0.140640586615,0.000163073127624,0.38375878334,5.61680373323e-08,7.79656872396e-08,0.149871408939,0.325562059879
32013a34,0.0176285393536,0.0122574474663,0.0263350140303,0.54549652338,0.000599273247644,0.00652216328308,0.00232739164494,0.000192506136955,0.256224423647,0.132416754961
33af6eef,5.66788060041e-07,4.9041850616e-06,0.56112909317,4.67997888336e-05,2.28408375547e-10,4.03519244685e-08,2.4871193105e-08,0.438818603754,1.44855070161e-08,3.8251806167e-09
342a5dd7,7.09099390317e-10,3.86860641299e-08,4.40399503532e-08,7.44942440178e-07,0.522883474827,3.7255387042e-07,9.05202739432e-07,9.7211504908e-06,0.00143415853381,0.475670576096
34e93ae7,0.000160849027452,0.00129546120297,0.368355870247,0.00261162174866,0.0889389887452,0.00134649698157,0.0084120137617,0.313477367163,0.206092044711,0.0093093123287
35793416,2.0095747459e-05,0.000181589348358,0.271208167076,0.0775813609362,9.78346288321e-05,0.058031834662,0.0018331304891,0.360767811537,0.00125046912581,0.229027733207
36747d41,1.61960088008e-05,2.34497110796e-05,0.00140782364178,0.0015226152027,2.65278822553e-06,0.00310435937718,2.68961485972e-07,2.64664649876e-05,0.575706839561,0.418189287186
37f6cc03,5.36382431164e-05,1.02558135495e-06,3.51322938741e-07,2.09050838862e-08,0.00110357592348,3.93144183874e-09,2.10710027204e-09,0.577822387218,1.29929933479e-08,0.421019077301
38238a7f,8.84567725734e-06,0.407520204782,2.64392474492e-06,3.23393906001e-05,0.00551394000649,3.42980854384e-07,1.54428249743e-07,0.240205213428,3.7770430481e-06,0.346712589264
389f2556,5.66770404475e-06,8.14700555907e-08,1.22241217468e-05,2.7937549496e-10,0.498823910952,1.89906404557e-06,0.501147449017,7.56397433577e-09,2.79577392348e-07,8.52224002301e-06
3ab058c0,7.1657711942e-07,5.73234304468e-09,1.59978114311e-07,8.94058102858e-05,3.49784272657e-06,0.494980126619,6.31059549505e-07,3.79232878913e-05,5.48018433619e-05,0.504832744598
3ab0b7b7,3.82178910741e-09,3.42999157965e-07,1.63099787187e-06,1.91803992493e-05,0.521204411983,5.632289799e-07,6.3392036509e-08,0.00269052595831,7.34434706828e-06,0.476076006889
3c233c9e,1.97402158619e-07,5.19857081827e-08,0.514957129955,1.4381255653e-07,3.20929394171e-09,7.43746264662e-13,8.90726103986e-11,0.485038012266,2.45501041718e-06,2.02740420718e-06
3cc641c8,0.00107528653461,2.97930819215e-05,0.27045866847,0.000291725242278,0.000107505838969,0.52032315731,0.18778154254,0.00219796318561,0.0169984381646,0.000735897570848
3ce34b7f,0.451063364744,0.000236156978644,0.0814153701067,2.9258799259e-05,7.66107677919e-06,4.24193276558e-05,2.37867589021e-05,0.454153478146,7.20401260423e-07,0.0130277667195
3ce394fc,0.539543032646,3.51930543729e-06,0.00015356199583,2.84364944036e-07,0.000432281725807,6.5925247327e-05,0.459666132927,5.02499424329e-05,9.92912373476e-06,7.51094848965e-05
3daa7f09,7.88244869909e-06,0.00128335901536,5.3881049098e-05,0.00104074296542,0.489732921124,6.69148066663e-05,5.47178096895e-05,0.0100005287677,0.000554901140276,0.497204184532
3ee1197d,0.00156811228953,0.172053128481,0.000285017391434,0.580617368221,5.44708054804e-05,0.0115828700364,8.17187901703e-06,0.000274586753221,0.00194733729586,0.231608942151
3f418dfc,2.20482505142e-07,1.38172354127e-05,1.25501173898e-05,6.64190010866e-05,0.599898099899,9.99390977086e-07,1.40669362736e-06,0.000788535689935,2.78093120869e-05,0.399190157652
3f41a60a,1.23736517708e-05,6.90471688358e-06,0.000141727970913,2.39171754401e-06,0.538598895073,2.19615467358e-05,0.081770889461,0.00133663485758,0.376977086067,0.00113112165127
3fcc194b,0.000270391610684,1.00821916931e-05,0.555997014046,0.00460093142465,5.98557880949e-06,2.05047053896e-05,1.60331785537e-06,0.000551698787604,0.434362322092,0.00417943671346
4169f839,0.000549403892364,0.513392925262,0.234598621726,0.00812057312578,0.140386685729,1.04573491626e-05,0.0662579983473,0.00199489365332,0.0346176400781,7.07876970409e-05
4196d0f6,0.587658405304,0.00222532288171,0.00133778480813,5.65212321817e-05,4.69113147119e-05,0.0521165765822,0.233869194984,0.120336651802,4.7651148634e-05,0.00230488670059
420a3005,0.544458448887,6.28374546068e-05,0.00236652209423,0.00116130686365,6.72582473271e-07,0.307955145836,2.47451089308e-06,0.117227517068,7.6061609434e-05,0.0266890563071
4237f275,8.32817240735e-05,7.09397281753e-05,0.441754549742,0.00980664230883,1.01636328509e-06,0.540517032146,0.00665562832728,5.35874532943e-05,7.28851882741e-05,0.00098443205934
439f2c4b,7.94828065409e-06,0.000105610728497,0.0162654928863,0.000115020018711,0.000646252883598,3.48142847884e-08,3.84135120157e-07,0.577137708664,0.000138143455843,0.405583322048
44464c74,5.95517558395e-05,0.000411011365941,0.187468066812,0.00147349631879,0.488649100065,0.00309283589013,0.00639930414036,0.019447863102,0.29169306159,0.00130563776474
46581428,2.22535547323e-07,0.000968835491221,3.77137183705e-07,0.000189849102753,0.445202142,1.04627531528e-06,9.86517463275e-08,0.0350521057844,3.61419665751e-07,0.51858496666
46abf7ea,5.86366741118e-06,1.09913829149e-08,0.0956793650985,0.532762169838,1.6960426592e-06,1.48766830534e-05,0.000159347313456,2.84411129314e-07,0.371223479509,0.000152892767801
4766e6d3,2.1750242496e-08,3.04763062786e-07,2.37283757087e-06,1.19530441225e-05,0.597940802574,5.94075004301e-07,7.5086944662e-07,0.00108815554995,0.00782780442387,0.393127292395
4803525c,1.46929903622e-06,1.31158470751e-08,9.19312004299e-09,5.56300335575e-07,6.07701551303e-08,0.474148869514,0.510751962662,1.16070049405e-10,0.0150970136747,5.69916629445e-08
4988a895,0.0144287217408,2.82259879896e-05,0.303496062756,0.582237184048,4.143131207e-07,3.29100953422e-06,1.33742162234e-06,0.000171389503521,0.0995096713305,0.000123647536384
498f18af,1.83611831517e-07,2.72355919151e-06,4.26318547397e-06,4.18165145675e-05,0.432361394167,0.000520871486515,0.000292868702672,0.000109306245577,5.43173227925e-05,0.566612243652
49ec07fa,0.000341436039889,0.00407781032845,0.175512686372,0.000960955396295,0.457091987133,0.00103043275885,0.0371212027967,0.16475379467,0.15786139667,0.00124833465088
4a1d3e92,1.04054129224e-06,5.4644769989e-06,0.0272181257606,0.000798571505584,0.0473104417324,3.10153586724e-06,3.81737237376e-07,0.406251102686,2.09041136259e-05,0.518390893936
4a739651,8.61507869558e-05,1.41363940998e-07,2.55622835539e-05,1.24371615229e-08,0.423958271742,8.7617098643e-07,0.115099750459,1.16537266877e-05,2.6228826755e-06,0.460814982653
4bfb4f00,0.00105903903022,0.0596632547677,0.00209429324605,0.265371501446,0.000183767770068,0.00130317511503,6.16440811427e-05,5.8777650338e-06,0.501312971115,0.16894441843
4ca28a51,0.17627568543,9.90594617178e-06,0.078870177269,0.378679603338,6.68077348109e-07,1.3136731468e-05,0.000182869742275,0.000100046512671,0.365547031164,0.000320947612636
4cccf641,6.95172320775e-06,3.3113981317e-06,6.9171335781e-05,2.00344824064e-10,0.470669984818,2.57271076407e-05,0.472713172436,0.000120109456475,0.0563469193876,4.46129488409e-05
4f1f9a0e,2.27189964619e-08,2.98503444185e-08,3.27918996845e-07,1.8763088292e-06,0.577365756035,2.99297062156e-06,0.000661231577396,4.94997948408e-07,0.00010421184561,0.421863079071
4f5f6045,0.00372253893875,0.00308513687924,0.160565689206,0.534093260765,0.000376029405743,0.260653853416,0.00331946276128,0.000308224145556,0.0332803763449,0.000595405697823
4fb47410,2.97409337691e-06,3.1431923162e-06,7.03936966602e-05,1.10966516331e-06,0.433482885361,1.41465164916e-07,1.71471447175e-06,0.00832751952112,0.544807136059,0.0133029790595
513c98d7,0.274561166763,2.26680953119e-07,0.00608533341438,0.127867355943,6.00291638619e-09,0.0720629096031,3.88344965074e-08,2.18827626668e-05,0.277437001467,0.24196408689
51f669f8,1.03088791548e-06,2.70595879037e-09,2.56598900705e-06,0.597991466522,0.000173800435732,8.15812236397e-05,4.1484189417e-09,2.25997794701e-07,7.62148556532e-05,0.401673138142
52703c7b,1.95484176402e-06,1.66715835803e-05,7.50245192194e-07,0.0002296675666,0.000415306480136,0.0383836105466,6.62127331452e-06,2.27572963922e-05,0.380483686924,0.580438971519
52a34206,0.445515036583,6.75352964663e-08,6.03402913839e-05,0.000135540554766,3.22587811752e-06,0.285789489746,0.100172027946,4.49326807939e-06,0.167766496539,0.000553229358047
538d3d80,8.89773517088e-08,1.45145804709e-07,6.40614302938e-07,0.00021559932793,4.75271872347e-06,1.16113988042e-05,1.08676996291e-08,9.74510726337e-07,0.536572992802,0.463193148375
5436c29c,0.000154527107952,3.02865646518e-05,0.496462166309,0.000766306358855,1.35962136483e-05,7.0777559813e-07,6.01230638608e-08,0.435683429241,1.64082521223e-05,0.066872484982
54c0c6b7,2.43651101073e-07,1.18258640214e-07,2.33784976444e-06,7.23342964193e-07,3.6961960177e-06,0.158072009683,0.327706813812,2.00027319153e-08,0.514213740826,3.17817608675e-07
54c1d628,0.000901867169887,0.000499721441884,0.0211868174374,0.000472565094242,0.00171173701528,1.84267446457e-05,1.16169703688e-05,0.160812795162,0.307836592197,0.506547868252
54eb10fb,3.59141466788e-07,2.98123467246e-07,3.23297790601e-05,0.00055558787426,4.37956987298e-05,9.81808739198e-07,2.2252652343e-07,8.76057674759e-06,0.477724403143,0.521633207798
552d72b1,0.000124258469441,4.63388387288e-05,0.000262084126007,4.19956850237e-05,0.155279129744,0.000194904001546,0.00039838036173,0.297199815512,5.74496007175e-05,0.546395659447
5571f12b,0.0158771108836,4.92046274303e-06,0.594016909599,0.0148989800364,1.5373915474e-09,3.43473294251e-09,3.57110785387e-09,0.375162690878,9.35424182558e-08,3.91902140109e-05
55741021,0.000983597361483,0.0731843337417,3.96366303903e-05,0.310713887215,0.0294506289065,0.434669464827,0.0307312514633,0.000133408117108,0.00711443088949,0.112979367375
55d0e512,0.000163211618201,0.353754758835,0.548706114292,0.0863259360194,3.82219944584e-09,1.19633450595e-05,5.29501733126e-07,0.00964141264558,8.20040713734e-06,0.00138783850707
55fc5851,1.20833902884e-07,1.1059567484e-08,3.54330552454e-07,0.452805191278,3.81605386792e-05,0.546980142593,4.63241030957e-06,1.05852329568e-07,4.05923810831e-06,0.00016714380763
56de304e,6.54658215353e-05,0.034245993942,0.401777893305,0.000556827348191,0.537566184998,2.19678122448e-06,0.00100251391996,0.00532815139741,0.0189215298742,0.00053316942649
57788e8c,0.49216940999,4.18715671913e-07,0.506600677967,6.40090584056e-05,4.00451449778e-09,1.8173157514e-05,3.00385181617e-07,0.000558816012926,2.03034483093e-06,0.000586186826695
58e903ef,0.0593323782086,0.000852522323839,0.169375896454,0.00122507091146,0.00653868867084,0.408750921488,0.13762190938,0.0148428557441,0.0492685548961,0.152191221714
5a8b47cc,0.000904003623873,0.000831090204883,0.123199544847,5.14580497111e-05,2.29688448599e-05,0.424339771271,0.145271927118,6.70908434586e-07,0.30537840724,8.93658622658e-08
5b98f200,1.61560967626e-06,0.0942702367902,5.80256892135e-06,0.000381319929147,0.443683892488,4.99037923873e-07,3.16141125722e-07,0.292850077152,1.60148135819e-06,0.168804585934
5bf0399c,0.101217925549,0.000160498617333,5.17128573847e-05,0.340612441301,2.66037602614e-07,0.556389212608,1.98784746317e-05,0.00130358152092,0.000110057204438,0.000134420042741
5c6b452e,1.15171949755e-09,2.16639033102e-11,4.99837042867e-08,5.8784482837e-10,1.17705267755e-08,0.452926188707,0.0110283754766,2.80191776898e-12,0.536045253277,4.27411812609e-08
5d231998,1.89724448774e-06,0.0007322653546,9.89369823401e-07,9.73058467935e-06,4.70568153332e-08,0.421567559242,0.574756801128,2.12491513274e-09,0.00292549515143,5.1906004046e-06
5d374436,4.33042696386e-05,5.10581932289e-09,4.20929745815e-06,3.92763940908e-05,4.51687119494e-05,0.437131881714,0.000162633034051,0.000110338194645,1.73662010639e-06,0.562461435795
5e23b9e1,0.413134157658,0.0250216200948,0.158084660769,0.00122803042177,0.0220576934516,0.00271486490965,0.0708030834794,0.217326626182,0.00111971632577,0.0885094702244
601514ea,2.26578322077e-11,2.68583887769e-11,2.77637773882e-10,3.03916607436e-08,0.529580533504,1.95313532458e-06,9.76603587333e-07,1.99019950742e-06,1.37703864311e-06,0.470413118601
60997769,0.000700939272065,7.87642329669e-06,0.000151069063577,0.000526199815795,0.0121759995818,0.0361188091338,0.406421691179,1.9266797608e-05,0.537047922611,0.00683024013415
613728ce,0.0011326224776,0.00752387475222,0.380021601915,0.00960530340672,0.00635353615507,0.0490666218102,0.0202547349036,0.0771803036332,0.445060580969,0.00380077213049
61ccc31a,0.000474207015941,3.90049899579e-05,0.00621087104082,0.526262938976,1.35389636853e-05,0.464046925306,0.000286672497168,0.000400346179958,0.00172234536149,0.00054317881586
623bec1e,0.0622308813035,0.000767481629737,0.000834121776279,0.354821711779,4.0891984554e-07,0.575099349022,0.00506884884089,5.08864604853e-06,4.83287913084e-05,0.00112372310832
6259c74a,0.000305613735691,0.0119455596432,0.00112744094804,0.000148204897414,0.404227972031,8.40078428155e-06,0.00179039826617,0.00171084993053,0.0949841961265,0.483751386404
63a9081d,0.129637345672,8.17298598577e-07,0.09661257267,1.75647710421e-05,3.75705053557e-06,3.86727479054e-05,0.000555301085114,5.74921614316e-06,0.377182930708,0.395945340395
6433e1da,1.61249158737e-06,5.85493857841e-08,0.577702045441,6.25729535386e-06,4.6572367296e-07,2.9572946314e-09,3.61223158052e-08,0.000156808353495,0.421299248934,0.00083347747568
643cf777,1.1541967524e-06,9.79880638852e-08,0.309554606676,0.259437739849,1.10959235826e-05,1.42808096371e-06,4.14995838582e-06,3.61700790563e-06,0.430868893862,0.000117232477351
64663b5d,0.00573455449194,1.5302406382e-06,2.12595955418e-06,5.20922767464e-05,3.37642959494e-05,0.484529346228,0.346331000328,8.54572306253e-08,0.163307279348,8.34863021737e-06
663439ba,0.0176723338664,1.59914507094e-05,0.42000541091,5.25605646544e-05,0.000495781248901,4.22460243499e-06,0.02727772668,5.97561938775e-06,0.534057438374,0.000412509747548
667ea269,0.000212678001844,1.28766805574e-06,0.000155184869072,2.70943178293e-06,0.431395471096,1.02567755675e-05,0.000187363883015,0.00303051108494,0.000467403267976,0.564537167549
6726809c,1.8661015929e-05,0.000210364640225,0.00917096436024,0.0157342068851,0.04505674541,2.27111695494e-06,2.05694755095e-06,0.414770394564,0.000129951586132,0.514904379845
67e6addc,0.000104743696284,0.439315140247,0.539142012596,0.00769503274933,5.56616978429e-05,1.17283536838e-06,2.01580036219e-07,0.0131969489157,0.000133043460664,0.000356028525857
6a12db50,3.25396354128e-06,0.00357092334889,2.32671518461e-05,4.63793230665e-06,0.333764493465,2.63038073172e-05,9.89059390122e-06,0.455505341291,0.0689801201224,0.138111695647
6a13d405,0.00339772226289,5.25743307662e-05,0.0015036376426,0.56962710619,5.24522306478e-07,0.118867360055,1.11717026741e-08,0.00858779251575,0.294062107801,0.00390116032213
6a84bfda,6.47754703209e-08,2.06427034755e-06,2.87731225512e-08,3.99604650738e-05,0.0175821296871,0.593891680241,0.00123526656535,6.8459121394e-07,1.70400762727e-05,0.387231141329
6ace9308,8.80312290974e-06,2.57496758422e-05,0.000235435320064,1.99959467864e-05,0.000917348894291,4.74166483855e-08,3.23124254464e-07,0.457611888647,4.23496312578e-05,0.541138112545
6aea8f6b,0.000293059798423,0.00431851996109,0.235385224223,0.064656868577,3.20010440191e-05,0.329061567783,0.0628408119082,4.63414289698e-05,0.303140938282,0.000224681643886
6b53089e,0.00516306003556,4.59546043885e-07,1.20121728742e-06,3.71258238374e-06,1.68845836015e-05,2.62657658823e-06,3.20358961581e-09,0.397468924522,3.65490734566e-07,0.597342789173
6bdef58a,0.0358210988343,0.000125877326354,0.00195031310432,0.000528405886143,0.00161513965577,0.309885591269,0.0491376072168,9.00983504835e-05,0.255478858948,0.345367014408
6c39f256,7.10415042704e-06,1.37298764002e-06,5.12295764565e-06,0.572949409485,0.000117275470984,0.426823467016,1.01342664038e-06,2.4439182198e-06,8.99303927326e-07,9.18715741136e-05
6c9151cb,0.000539256550837,1.7622451276e-09,6.01815463597e-06,2.19753292185e-06,4.62508381815e-07,0.389985203743,0.272195130587,2.06928407742e-09,0.337083637714,0.000188154517673
705c46f8,3.38145218848e-06,0.00408205389977,0.000320270395605,5.08703851665e-05,0.399292379618,9.79969918262e-05,0.595581412315,6.7791352194e-06,2.60385568254e-05,0.0005388262216
715ac7b3,7.31040401547e-08,1.7738894087e-07,0.00661617284641,0.0479855276644,1.26806276057e-06,9.58027430897e-06,1.44489948894e-08,2.40285517066e-05,0.381628572941,0.563734591007
723dc1f6,1.08522760911e-06,0.00126273802016,6.73106433169e-06,0.0101661495864,0.0011558001861,5.14083421876e-06,5.05305450815e-08,0.557361423969,3.78524709959e-05,0.430003136396
7264a6b5,0.123806789517,0.57460474968,0.00602228287607,2.1571576525e-08,0.000536391220521,2.43314076442e-07,0.293781578541,6.13761221757e-05,0.00118372566067,2.77395088233e-06
729113ca,0.1680752635,6.27970121059e-06,0.000929765112232,0.00944750290364,5.47699627873e-08,0.491843193769,0.000105507817352,0.014869700186,1.86045799637e-05,0.314704120159
72a99d7c,0.000406949548051,0.00250162743032,0.0659355148673,0.390336215496,0.000346393178916,0.0216985475272,3.16407704304e-06,0.254242360592,0.030931327492,0.233597904444
7310701c,4.34201592725e-06,1.21406337712e-05,0.0142579087988,2.44087277679e-06,1.86082772302e-07,0.00273585715331,0.524541199207,3.49867036675e-06,0.457433104515,0.00100935250521
74235d5f,9.86813683994e-05,2.98668364849e-05,0.000389248627471,0.00650881417096,0.0021993543487,0.0202731322497,2.27983073273e-05,0.494117736816,8.58575367602e-05,0.476274520159
7519466d,0.000127331266413,0.00121801812202,0.473214924335,0.00788926985115,0.0106357485056,0.00315859518014,0.0031877157744,0.00018896246911,0.500154793262,0.00022463282221
75853e3d,0.000498461071402,0.0385955199599,0.200022652745,0.00162905501202,0.00163111486472,1.4693164303e-05,0.315713703632,0.0951585397124,0.346732258797,3.95157621824e-06
75fa711f,0.0121507821605,0.0992256253958,0.356511265039,0.000528770848177,0.246405884624,8.73580029292e-06,0.135220229626,0.138070717454,0.00236594537273,0.00951203610748
7715852a,0.484755814075,6.70538292979e-06,3.02277821902e-05,1.04733896933e-06,0.000524389208294,0.000278702820651,0.00179518631194,0.495389461517,0.000177294394234,0.0170411411673
772a2376,0.00151827104855,3.60486706086e-06,2.29283546105e-06,5.73840679863e-07,4.51590349257e-05,7.83437008067e-06,5.7036953649e-07,0.440080523491,8.15939316112e-08,0.558341085911
787278ac,3.88005560126e-07,2.84270281554e-05,0.0176449939609,0.00213882396929,0.382431596518,0.000380934943678,0.0113681228831,0.000820655433927,0.585114479065,7.16079230187e-05
7904f452,0.000748996040784,0.000175595763722,0.501018643379,0.00257615023293,6.87335344196e-09,1.94769927475e-05,4.85713542275e-07,0.495460271835,1.18690984152e-07,2.36246094687e-07
79a2f07e,2.03304280149e-05,5.89332159961e-07,3.83004407922e-05,6.78705092128e-08,0.00226651178673,3.16216355714e-05,0.000573791563511,0.0185008142143,0.445612639189,0.532955348492
7b76716a,4.5696624511e-06,2.21096274799e-06,0.241132363677,0.000151275206008,7.55373932293e-08,1.54358829718e-07,1.86780035882e-09,0.574277281761,0.000806473370176,0.183625519276
7b8b54c8,9.07798058947e-10,1.09145465998e-08,9.79074684437e-07,0.000352175236912,0.450003266335,9.19766098377e-05,6.39090487198e-08,6.80725934217e-05,4.53691154689e-06,0.549478948116
7c6ef89f,0.00323880580254,0.530440032482,3.82246525987e-06,1.51527763137e-06,7.34928050861e-07,0.000248481723247,0.46605861187,7.97251971107e-07,4.08751793657e-06,3.04509717353e-06
7ca11de4,0.00272672111169,0.102018043399,3.62869650417e-05,0.004974224139,0.000188595469808,0.595357477665,0.0328035838902,4.62731841253e-05,0.258610755205,0.00323806283996
7dfe99a7,4.6318902605e-05,4.24088375439e-06,0.45064035058,9.16587086977e-05,0.548548281193,2.00455385624e-09,3.72062709175e-06,8.71412266861e-05,2.1281066438e-06,0.000576184538659
81fcd3b2,0.00187241379172,0.500094771385,0.0825501084328,0.00168701028451,1.21817738545e-05,5.74104115003e-06,4.61457875645e-06,0.397690683603,0.00448058918118,0.011601947248
827f8978,0.000310424831696,6.68940629112e-05,4.15700633312e-05,0.0328999608755,0.00766025437042,0.000743594602682,1.17154495456e-05,0.552000105381,0.00158041797113,0.404685050249
827fa13d,0.000263745867414,0.000721798278391,0.539379715919,0.000372230162611,3.34682056291e-07,2.24776530722e-09,1.84887767318e-08,0.172448068857,0.286761432886,5.26781404915e-05
83bf88e6,1.18303942145e-05,7.45207273667e-07,9.72694488155e-06,0.510938346386,5.97073901432e-09,0.216315194964,3.0604339063e-09,2.17895745891e-07,0.269830882549,0.00289300270379
83d55363,0.585917711258,7.49701712266e-07,0.00487483525649,9.68346558494e-09,0.000231603800785,4.08533509244e-07,0.0880759879947,1.1437092553e-06,2.41163206738e-06,0.3208951056
84374f1d,2.94995552395e-05,3.51616217813e-05,0.0286795273423,0.526062071323,0.000182563686394,0.00546580180526,0.00142673868686,5.65035134059e-06,0.434433758259,0.00367918633856
85fe257f,0.398872673512,2.99290459225e-05,0.599871635437,0.000482771953102,1.91623234969e-06,1.55155430548e-05,0.000129065258079,7.04314297764e-05,2.80697895505e-05,0.000497981149238
8639408a,0.000214595580474,8.30166754895e-05,0.553180217743,0.344290405512,0.000286469439743,0.0363860093057,0.00074228446465,0.0153448022902,0.0488391108811,0.000633119780105
86ab9072,0.405896276236,0.22986009717,5.06652249896e-05,2.55400414062e-06,5.09578376295e-06,2.47049083555e-05,0.36406224966,1.14895453862e-06,8.93845426617e-05,7.76906745159e-06
873db6cd,0.00405881600454,8.25071921895e-09,1.79993203346e-05,0.0153153426945,2.53670407346e-07,0.230442196131,2.41455921923e-07,4.61530646589e-07,0.505741715431,0.244423016906
889524cc,3.3002361306e-05,8.44561043323e-08,0.588569879532,4.04526217608e-05,1.9206042623e-07,2.87398023602e-07,4.27501989364e-09,1.46714580751e-06,0.399665087461,0.0116895353422
88b97b36,1.5826398112e-06,1.73711259777e-06,1.30869102577e-05,3.16052410199e-06,0.523905456066,4.03539297622e-06,2.49346194323e-05,8.44310488901e-05,7.90689625774e-07,0.475960761309
895cc3ab,0.480505138636,0.420634031296,6.04729430052e-05,5.88458278798e-05,3.87091222365e-06,6.69875407766e-06,0.0984897390008,2.58282398136e-06,0.000205918913707,3.2754822314e-05
89736bcc,0.27016684413,3.38384052156e-06,0.382121443748,0.334753423929,2.79558616256e-08,1.31100051703e-07,1.8774748014e-06,5.57430066692e-05,0.0128914276138,5.7585389186e-06
89814234,0.000966079824138,2.70603795798e-05,8.69242921908e-06,7.40772738936e-05,3.23143922287e-06,0.000119673233712,7.45746149278e-08,0.384804099798,0.569325983524,0.0446710139513
89a35fea,0.000390373257687,1.9473138309e-05,0.000709182175342,0.000364872103091,2.10375183087e-05,0.000676724477671,1.4109454014e-06,0.301241964102,0.530120372772,0.166454613209
8a93cebd,5.10119425599e-05,0.501745522022,0.00034080183832,0.000231277954299,1.35810905704e-05,1.85842454812e-05,0.00507980026305,7.51462403059e-06,0.492510348558,1.54098268013e-06
8b5a3800,0.0545933507383,4.75236583952e-06,0.000309729512082,0.000148735955008,0.000104122991615,0.000193679734366,0.510313987732,3.235182362e-07,0.43377700448,0.000554383907001
8bc42dd8,1.01952491605e-05,1.04648343324e-08,2.43386530201e-05,8.56912993186e-06,5.3491548897e-06,0.488203406334,0.0274656843394,3.01266069869e-08,0.484280854464,1.63572167367e-06
8cb0119f,1.62095193446e-06,0.000195928994799,5.73969737161e-06,6.70308736517e-06,0.512606084347,1.36305175147e-06,2.57083065662e-05,0.00133095448837,9.68009699136e-05,0.485729008913
8d25fde9,0.0934023037553,0.00493557984009,0.000109390544822,0.00204857555218,0.00311034289189,0.000197745495825,0.530268192291,1.0227064422e-06,0.358504623175,0.00742217060179
8d433849,0.421145886183,3.17128724419e-05,6.09076460023e-06,2.33137780015e-05,3.81433942209e-08,0.00238102138974,0.000509016797878,0.535271465778,1.32143838982e-07,0.0406312681735
8e7290d0,3.23504036714e-06,0.00141753046773,0.333164662123,4.79149555588e-08,0.103566922247,6.15552480099e-08,0.561766028404,3.64722950508e-06,7.77461755206e-05,1.18525527171e-07
8e77376d,9.49276218307e-05,0.115740478039,0.000595459365286,0.000135373949888,0.0486561283469,2.8843203836e-05,0.00136451108847,0.25579610467,0.000187635232578,0.577400565147
8e8f8b08,0.185331493616,0.0098612671718,0.00133689842187,0.000874011544511,0.000517042237334,0.00727439532056,0.208901166916,9.78663010756e-05,0.573284029961,0.012521811761
904a684a,2.44179325648e-08,4.72937564666e-08,6.15645262769e-07,0.000140227901284,4.74786716609e-08,1.71492242629e-08,1.96254102379e-12,0.474083483219,7.10563483608e-08,0.525775492191
91102a30,3.72381873603e-05,0.561525940895,9.3910666692e-06,0.000218728586333,0.0062019568868,3.6691568539e-07,6.59087277199e-07,0.361587107182,1.99064615458e-07,0.0704184398055
915d6a6d,0.00106223882176,8.67912959279e-08,0.0122152976692,0.488773435354,4.13509187638e-05,4.3725620344e-05,0.000105944396637,1.80968731911e-06,0.49609375,0.00166225887369
9251eeab,1.29221618295e-07,3.91108372355e-08,4.25350332733e-09,0.504221916199,1.87919081338e-12,0.495777368546,6.57599365586e-12,3.78629181341e-07,4.06400637587e-08,2.23633364271e-07
9268b9bd,2.16063835978e-05,0.00407095719129,3.16053683491e-06,0.000213198873098,0.596504330635,3.30383700202e-05,7.40517425584e-05,0.00859331618994,1.63999175129e-06,0.390484631062
927d80aa,1.13206097012e-05,0.000337504723575,5.14942530572e-06,0.572875916958,3.88440876686e-11,0.426701962948,8.4927442856e-08,5.15393772105e-09,5.72662793275e-05,1.08689037006e-05
92883f91,0.000106532643258,1.07984142517e-07,0.000176046451088,0.0141948126256,2.85686583084e-05,0.0842786803842,1.8064223184e-07,6.70017413995e-07,0.573634982109,0.327579438686
92c3bbb0,0.0167251769453,3.36195480486e-05,2.20585843635e-05,0.357833564281,1.04708597348e-07,0.219791516662,1.15122794853e-07,0.110442459583,0.00226051127538,0.292890906334
92d9000b,0.514391720295,5.32993544766e-05,0.0192872937769,2.86055637844e-05,0.00156698189676,2.7855992812e-05,0.0530605912209,7.06011178409e-06,0.407261550426,0.00431508338079
92f29e9a,0.109117351472,7.70170203168e-08,8.16517200519e-08,5.09932327475e-08,4.48552395227e-09,0.567568838596,0.322489827871,1.96902281147e-08,0.000812018755823,1.17263471111e-05
94e260ab,0.400236517191,3.40943927313e-07,1.04721789285e-06,1.56435419285e-07,4.52083077107e-06,0.00036630674731,0.59717643261,4.06005717934e-09,0.00217129569501,4.33123750554e-05
95555e53,3.09303118229e-07,6.62534986873e-08,1.43558082755e-07,3.98328593292e-05,4.44768261332e-07,1.5206946955e-06,3.94748400634e-11,2.77081762761e-05,0.438625991344,0.561303913593
959d824f,4.69944716315e-05,3.40425031027e-05,0.584340631962,0.0853935927153,2.36669820027e-12,9.08447372883e-10,7.29002708894e-12,0.330182999372,1.90947364587e-08,1.80977360742e-06
95f688a1,0.00250777695328,0.369683265686,0.00117952667642,0.525620818138,0.0615050159395,0.0196357462555,0.0100923012942,0.000470549333841,0.000222128612222,0.00908274855465
970c255e,0.333516031504,0.00403527030721,0.521283328533,0.0244646873325,2.6292644506e-08,0.0748675391078,1.51577046381e-06,0.00718890177086,7.22258046153e-05,0.0345705635846
97c4349f,0.0549574121833,0.00574550312012,0.00535417767242,0.00419032201171,0.00243857968599,0.334438890219,0.441375046968,0.150451540947,0.00035034128814,0.000698226154782
97ebadef,1.41911771223e-08,2.07084642767e-08,0.579612255096,5.38262293048e-06,1.39493017831e-12,4.46822076951e-13,6.35879098942e-13,0.42038038373,1.92810534827e-06,2.84816099594e-08
98392351,0.00065767148044,1.5561168766e-05,0.00290062907152,0.493737965822,7.68493773649e-05,0.0149656618014,0.000485740980366,5.32529265911e-05,0.486894726753,0.000211935854168
99c0177c,4.39758969151e-06,0.0012704822002,0.00269611575641,0.376567184925,8.80720690475e-05,0.385063827038,0.00133450294379,1.09885177153e-05,0.117472611368,0.115491889417
99e980c1,0.000119946111226,3.37637606762e-09,0.0146948862821,6.95865492162e-06,2.55008380918e-05,7.14566922397e-05,0.407546192408,1.08039432956e-09,0.577088475227,0.000446625665063
9a0fddd4,5.11850703333e-05,0.00032715004636,0.0676842927933,0.00061640504282,0.000216415341129,1.99690816771e-06,7.14001714641e-07,0.543375134468,0.387721002102,5.73912666368e-06
9cb1ff64,1.15888553864e-06,0.508129894733,2.53308044194e-05,0.000949819164816,0.487181484699,0.000314595672535,0.00316802086309,0.000165103250765,6.73838030707e-06,5.7827168348e-05
9d00f5da,4.80659878122e-07,1.06658235381e-05,2.76021346508e-05,1.96784139916e-06,0.578883290291,0.000876530015375,0.0229923613369,8.79165872902e-06,0.397191345692,6.98441226632e-06
9d7909c5,1.44831913129e-09,4.04023037248e-09,8.8572619461e-07,1.98912729843e-07,0.378562420607,2.33831926266e-07,1.982296709e-07,1.11437111627e-05,0.0290342047811,0.592390656471
9d7ae61b,0.00257790042087,2.767643673e-05,0.480116546154,0.10322675854,5.8293021965e-08,1.95263146452e-06,2.97241964375e-08,0.413488686085,1.16776172945e-05,0.000548784504645
9ffd762a,3.01409218082e-05,2.2235153665e-06,2.84647789783e-08,3.0515352023e-07,5.63222045002e-07,2.97882070299e-05,0.522214889526,3.30199236009e-11,0.47772192955,1.46746273799e-07
a0bc16ee,7.39628303563e-05,0.00640614377335,0.00193249632139,6.20710779913e-05,0.36185207963,0.000352463772288,0.2567461133,0.00029211078072,0.222988530993,0.149294018745
a16756e0,9.00274699234e-07,1.17936096444e-08,0.483509242535,0.0204545389861,4.60452247353e-06,2.27681857723e-06,1.93759879039e-05,1.00477982414e-05,0.495998352766,6.63550054014e-07
a1c9660d,2.29523706707e-08,3.18957152357e-11,4.23072030742e-08,0.45746204257,4.24761083195e-06,0.000213760285988,2.45920644959e-11,9.22349485677e-08,0.000127125254949,0.542192697525
a1d9829e,8.5711144493e-07,1.88376247934e-06,4.60514411316e-06,7.00777964084e-05,0.000903669861145,3.18369893648e-06,2.1047269172e-07,1.70970379259e-05,0.507967114449,0.491031318903
a38bd15a,2.69785360718e-10,1.54767643146e-09,2.71562994314e-09,0.450235784054,2.4971893043e-12,0.549763441086,1.07986869446e-10,8.21134216178e-10,7.5824510759e-07,3.69632040531e-08
a569891c,0.0073753236793,2.15816076121e-08,1.20162994222e-07,7.93018699596e-08,4.40728769036e-07,0.563293993473,0.429282456636,3.28205970845e-07,3.40555525327e-05,1.32442019094e-05
a6ad7018,1.6968788259e-05,0.000205801377888,0.571885168552,8.66032314661e-06,0.0820239856839,0.000331694696797,0.344768702984,4.10631582781e-05,0.000674335227814,4.36353693658e-05
a6f1f4c9,0.014756293036,0.000807475822512,0.0229465421289,0.000118966003356,0.494299411774,3.64696679753e-05,0.0541836842895,0.000631593924481,0.04061800614,0.371601521969
a7d0494e,0.0173084177077,0.000405406317441,0.00150583055802,0.00741510046646,0.000109986351163,0.0084610292688,0.000177038222319,0.559690237045,0.0018798513338,0.403047114611
a7d4f014,0.00140020798426,0.000959135650191,0.00259325350635,0.0672250390053,0.147642299533,0.0702375844121,0.418492019176,0.000636406883132,0.284232199192,0.00658191647381
a8b37824,0.564320385456,0.00252182711847,0.294850736856,0.00587553437799,2.1442931029e-05,0.00162685289979,0.00517133809626,0.000184063566849,1.80032820936e-05,0.125409781933
a8dff434,2.95601439575e-05,9.26315915422e-05,0.54019588232,0.453659713268,3.2092799529e-07,2.30100482668e-07,1.19938619036e-07,0.00308463559486,0.0028941759374,4.27581944678e-05
a901c53b,0.000369884102838,4.50755078418e-06,1.8491030005e-06,0.000600411789492,4.83424737467e-05,0.553154587746,0.0565504878759,1.44583646033e-06,0.389263987541,4.47472075393e-06
a92e3f7b,3.23539595115e-08,3.59529781235e-06,5.6176287444e-07,2.17883734877e-06,0.429280877113,1.10504217332e-07,1.28719776171e-07,0.0249241944402,1.4762841829e-06,0.545786857605
a9dc839f,0.00736635643989,0.014417716302,0.0675127506256,3.94865128328e-05,0.142968595028,0.309620112181,0.227328836918,0.0118440259248,0.18743480742,0.0314672924578
aa195f49,0.000252268830081,0.000195217580767,0.00222354428843,0.000213143619476,1.99879309548e-06,0.255477637053,0.431739211082,1.12815894227e-06,0.30881267786,0.00108323199674
aa3b92be,1.26221248138e-05,2.9096923754e-05,1.04240489236e-05,0.00221276888624,2.90217940346e-05,0.000146556893014,2.06244243905e-09,0.595686852932,0.00765210017562,0.394220530987
ac6883bb,0.0801100060344,0.000131790977321,0.308584243059,0.000242439564317,5.16014506502e-06,0.000227866679779,1.05995186459e-05,0.0876959636807,0.000194433800061,0.522797524929
ac9c3c78,3.50205340283e-07,7.56138115321e-06,5.83811706747e-05,0.527692139149,1.88739637252e-08,1.14137787932e-06,6.47274039922e-11,0.0824310258031,0.00594220077619,0.383867204189
ad3c340b,0.0010883891955,0.00276624411345,0.34571737051,0.00685381982476,0.00107052747626,0.209196776152,0.379886597395,2.02896953851e-05,0.0525993518531,0.000800583860837
ad4314a2,0.000106913677882,0.450515329838,0.186413407326,0.173751592636,2.6268660136e-08,0.000125205449876,2.73624721103e-07,0.188728094101,2.07992470678e-05,0.000338382902555
ad776f70,0.00411564391106,5.1797786e-05,0.448415786028,0.524170696735,2.59365613431e-08,5.51536277271e-06,8.92049911272e-07,0.0192420110106,0.00395531393588,4.23372075602e-05
adfcfbc9,0.000169836013811,0.000391177716665,0.0232190452516,0.481026798487,0.0058526690118,0.00259034568444,0.000759200949688,0.0984580367804,0.0912548825145,0.296277970076
b066ea92,0.000236531341216,3.49857327819e-05,0.540369510651,1.89935508388e-05,0.453736960888,2.40123645199e-05,0.00255859433673,0.000718617113307,0.00158555316739,0.000716239563189
b1567aa1,5.67413138697e-09,2.67683071797e-06,1.98566667677e-05,0.000480499031255,0.380900025368,2.4647430763e-09,1.42999336816e-08,0.0367838665843,6.93877518643e-06,0.581806063652
b22815aa,0.557330667973,0.00927704758942,0.0106777679175,0.035927310586,0.000401835219236,0.00220626965165,0.00198926939629,0.00549146253616,0.373410373926,0.00328796869144
b2c4b61c,0.00914504099637,0.00710255093873,0.002465659054,0.0729359164834,0.000370899157133,0.408725351095,0.282621026039,0.00139298848808,0.204677134752,0.0105632990599
b2f8128d,1.89819184016e-05,2.09831341635e-05,0.277326583862,0.280831485987,4.72398191675e-08,4.046900699e-07,2.84068035761e-09,0.372289687395,0.0694023966789,0.000109450396849
b309988e,4.22096563852e-05,1.86789402505e-05,0.026622293517,0.000437229027739,0.00623347936198,0.026193568483,0.040799446404,0.00701122963801,0.365023583174,0.527618288994
b366ce6a,0.000153498374857,1.66708232427e-05,3.86057899959e-06,5.29614226252e-07,4.74980694776e-08,0.461296468973,0.538524389267,6.36103481e-09,4.46236299467e-06,6.99479301147e-08
b448a4a8,3.93312893721e-06,0.59514439106,0.404459118843,7.22727975244e-07,1.32756952098e-08,3.49586887216e-10,6.14722296177e-07,0.000390244880691,8.86015925516e-07,8.52023944731e-08
b5b6bfe1,1.40294758921e-07,3.90134391637e-06,7.08369096714e-09,0.533086061478,2.42834587993e-08,0.466882795095,6.6405209509e-07,9.3041281346e-09,7.04081276126e-06,1.93473497347e-05
b6cd27c7,2.49022723438e-05,0.566995620728,3.70690504496e-05,0.00167361833155,0.243070363998,1.89773982129e-05,1.75081768248e-05,0.0236848760396,2.17564902414e-05,0.164455294609
b7f8bb27,0.00142111920286,0.000218907429371,0.00269653904252,0.00633076066151,3.62988248526e-05,0.433784753084,0.000328152324073,0.554406046867,0.000680122233462,9.7392439784e-05
b9e9e850,3.20495019412e-11,3.9390390949e-10,6.05602735959e-07,7.70456438204e-07,0.419427216053,7.29568284896e-07,1.16695741958e-09,4.10341272072e-06,6.07868059888e-07,0.580565929413
baab61e4,0.000135862108436,0.0146479941905,0.0769093036652,0.00216034590267,0.352947831154,0.0109752276912,0.0160072296858,0.0892611593008,0.400690287352,0.0362648107111
bb69aa1c,6.07774097716e-07,6.00449038757e-06,1.6501518374e-08,0.000238364300458,4.72695955978e-06,0.586258232594,0.413469165564,4.97596075455e-10,2.2923499273e-05,1.50690286915e-08
bcc7acd0,4.03652229579e-05,1.66151221492e-05,1.24473558571e-07,1.13849901027e-05,3.68080549151e-07,0.578716516495,0.338575065136,2.17598117302e-09,0.0826170966029,2.23528459173e-05
bcd704f3,9.40078859202e-09,3.01150322457e-07,9.52655045694e-06,4.97010148592e-08,0.540296316147,3.09840775259e-09,7.23705682049e-08,0.459079504013,6.46332054544e-08,0.000614109507296
bd3b86d3,0.0496792607009,2.70631019816e-08,8.06980494872e-07,5.12818871812e-07,1.51221138367e-06,1.36684161589e-06,1.04658441913e-08,0.571910321712,1.34713687316e-07,0.378406047821
bdec8ca4,9.33898845688e-05,0.00381105602719,1.03000265881e-05,0.459462910891,1.10461423901e-05,0.00373020931147,6.48103468848e-06,0.00011489935423,0.504388689995,0.0283710453659
be096699,0.474384903908,0.000340056489222,0.000206605895073,4.72324536531e-05,0.000523976865225,0.0107416789979,0.396101534367,0.00216211820953,0.00088454206707,0.114607311785
bef410f7,0.385312110186,7.53154963604e-05,0.000805773132015,0.000152114356752,0.136497929692,0.0624144412577,0.397459447384,0.00956847984344,0.0001279739663,0.00758652156219
c023f2db,0.000392859074054,2.47574212153e-06,0.447371423244,0.000230123492656,1.79906110134e-05,2.87673992716e-05,0.000745359866414,2.53347280932e-07,0.550583600998,0.000627237022854
c0507a1c,5.92990545556e-07,0.000195628221263,0.450187474489,4.54589244328e-05,3.05441631099e-07,7.89851029026e-09,2.14163989654e-07,0.549154698849,0.000415296846768,3.12857991958e-07
c0522f05,3.34067948415e-07,1.74333911218e-06,0.303670108318,0.218759775162,4.47399179393e-05,1.0071204315e-06,3.2127964289e-08,0.0028384460602,0.0409425236285,0.433741301298
c14bc267,4.72468940416e-07,1.52747234097e-05,3.43109611833e-08,0.480701297522,1.04943786994e-07,0.00216181017458,8.25935764226e-09,2.05202255188e-09,0.000109656488348,0.517011344433
c2498fb3,3.54918256562e-07,1.34075420988e-07,8.32666046335e-05,0.378436416388,5.23071321368e-06,0.441982388496,2.98497570839e-06,4.35678071398e-09,0.179465830326,2.34110630117e-05
c479da8d,1.00113901169e-07,0.00174766208511,0.00652649858966,0.0109649496153,0.543862462044,1.56739048407e-07,1.09145403826e-07,0.435507595539,8.7185362645e-06,0.001381756505
c6257c15,0.00027365895221,0.173296421766,0.000198743509827,0.00158278236631,0.00939996168017,7.83693249105e-05,1.58786133397e-05,0.299160063267,0.00023933785269,0.515754699707
c71ff3b4,2.57895135292e-05,0.59840798378,2.9750486874e-07,7.79218183311e-08,1.08198230464e-06,2.96423313557e-05,0.401534944773,2.46860807351e-08,9.2649599992e-08,5.31499750878e-08
c7b3b808,4.66520541522e-05,2.34008457056e-08,0.000348225352354,1.92360644746e-07,0.000102566380519,0.42359790206,0.574261546135,1.23396262097e-06,0.00142298114952,0.000218553104787
c815baf9,0.00171909760684,0.00169286271557,0.456637084484,0.462384074926,2.09463087231e-05,7.17692673788e-05,0.000110107990622,0.0100894523785,0.0333419814706,0.0339326374233
c9184d39,0.000227561104111,0.386369079351,3.57890530722e-05,0.0011609417852,0.367467731237,7.54383800086e-05,0.000456401816336,0.0204715281725,3.23553695125e-06,0.22373239696
c9f6b4f9,1.07635313995e-08,4.95644725262e-09,2.39490105969e-07,1.72466025106e-05,1.01190244095e-06,6.7581660268e-09,1.57706443391e-12,0.510460317135,6.45401596557e-05,0.489456653595
ca073d7f,7.32290072847e-06,1.62613232533e-05,1.6542213416e-05,0.40010997653,1.71902756847e-05,0.599515140057,0.000290050928015,3.84171653423e-06,7.8969187598e-06,1.56734022312e-05
cac0c0cf,4.5715505621e-06,1.04798573375e-06,0.0844375044107,0.531411111355,7.81942599559e-09,1.07154093598e-07,1.06607023209e-09,3.28371570504e-05,0.384093910456,1.89982929442e-05
cb80fa8b,0.00338966283016,0.419725716114,0.00845007970929,0.0667456537485,1.63682568655e-06,5.78920980843e-06,0.000747302081436,1.92467869056e-05,0.500899076462,1.58407492563e-05
cc2c03af,2.53093958236e-07,9.59432311376e-10,0.0087659554556,0.456149190664,1.72523655806e-07,5.19467384663e-08,1.39481471706e-07,7.45239958633e-09,0.535080552101,3.69948475054e-06
cc4d223b,3.02601144142e-08,1.61503059815e-08,1.32464199609e-08,3.10227878799e-05,3.94480031973e-10,0.513821661472,3.12496717392e-09,1.54811538589e-10,0.486146837473,4.33296406754e-07
cd24e357,0.0704373493791,0.00627719098702,0.387042909861,0.00195856788196,0.190110906959,5.32307312824e-05,0.0994546562433,0.000546179013327,0.242238253355,0.0018807441229
cd8fcf12,2.22546282203e-06,4.43587778136e-05,2.58074869635e-05,0.000174673914444,8.55588859849e-06,2.3731759029e-06,3.82995288817e-08,5.35022081749e-05,0.504681766033,0.495006710291
cf34cc73,7.49191531213e-05,0.260171622038,0.179147094488,0.0644256696105,1.93854212682e-08,0.000393243390135,2.58746422332e-06,0.495546370745,3.73222028429e-05,0.000201062066481
d12bc7f1,7.62924491937e-06,9.42195183598e-05,1.38489485835e-06,3.11013682222e-05,0.00219396781176,1.07959713205e-05,4.48493096883e-07,0.478147119284,4.0006992208e-07,0.519513010979
d1de8803,3.06006442408e-10,8.26340273985e-10,1.44969305893e-07,4.21974482379e-06,0.466057866812,4.77765418339e-08,2.50849369055e-10,6.36421900708e-05,1.18504573265e-07,0.533873915672
d3f96c1c,0.444763869047,1.99212809093e-06,0.00292865769006,8.76985772891e-09,3.91332469007e-05,6.84883252688e-06,0.551161944866,9.05026718101e-06,2.02294472729e-07,0.00108823110349
d48c5b21,4.82781933897e-06,0.000107563886559,0.0168807394803,0.00158682325855,0.509925484657,0.0290309544653,0.00241148471832,0.0726043432951,0.367264717817,0.000183064679732
