f1,1
f2,0
f3,1
f4,4
f5,0
f6,0
f7,7
f8,3
f9,5
f10,3
f11,8
f12,9
f13,1
f14,3
f15,3
f16,1
f17,2
f18,0
f19,7
f20,5
f21,8
f22,6
f23,2
f24,0
f25,2
f26,3
f27,6
f28,9
f29,9
f30,7
f31,8
f32,9
f33,4
f34,9
f35,2
f36,1
f37,3
f38,1
f39,1
f40,4
f41,9
f42,1
f43,4
f44,4
f45,2
f46,6
f47,3
f48,7
f49,7
f50,4
f51,7
f52,5
f53,1
f54,9
f55,0
f56,2
f57,2
f58,3
f59,9
f60,1
f61,1
f62,1
f63,5
f64,0
f65,6
f66,3
f67,4
f68,8
f69,1
f70,0
f71,3
f72,9
f73,6
f74,2
f75,6
f76,4
f77,7
f78,1
f79,4
f80,1
f81,5
f82,4
f83,8
f84,9
f85,2
f86,9
f87,9
f88,8
f89,9
f90,6
f91,3
f92,6
f93,4
f94,6
f95,2
f96,9
f97,1
f98,2
f99,0
f100,5
f101,9
f102,2
f103,7
f104,7
f105,2
f106,8
f107,8
f108,5
f109,0
f110,6
f111,0
f112,0
f113,2
f114,9
f115,0
f116,4
f117,7
f118,7
f119,1
f120,5
f121,7
f122,9
f123,4
f124,6
f125,1
f126,5
f127,7
f128,6
f129,5
f130,0
f131,4
f132,8
f133,7
f134,6
f135,1
f136,8
f137,7
f138,3
f139,7
f140,3
f141,1
f142,0
f143,3
f144,4
f145,5
f146,4
f147,0
f148,5
f149,4
f150,0
f151,3
f152,5
f153,1
f154,0
f155,8
f156,3
f157,7
f158,0
f159,9
f160,6
f161,6
f162,9
f163,5
f164,4
f165,6
f166,9
f167,3
f168,5
f169,4
f170,2
f171,4
f172,8
f173,7
f174,7
f175,5
f176,8
f177,8
f178,8
f179,2
f180,6
f181,9
f182,3
f183,1
f184,0
f185,4
f186,1
f187,5
f188,9
f189,0
f190,6
f191,2
f192,1
f193,3
f194,0
f195,6
f196,0
f197,0
f198,8
f199,3
f200,2
f201,0
f202,0
f203,6
f204,0
f205,0
f206,4
f207,7
f208,2
f209,7
f210,1
f211,9
f212,9
f213,3
f214,9
f215,8
f216,4
f217,6
f218,6
f219,5
f220,3
f221,8
f222,1
f223,8
f224,7
f225,1
f226,3
f227,7
f228,6
f229,3
f230,6
f231,3
f232,6
f233,3
f234,2
f235,3
f236,2
f237,2
f238,7
f239,9
f240,2
f241,3
f242,2
f243,7
f244,5
f245,5
f246,8
f247,8
f248,2
f249,0
f250,1
f251,4
f252,0
f253,6
f254,3
f255,7
f256,1
f257,1
f258,1
f259,4
f260,7
f261,0
f262,2
f263,9
f264,2
f265,0
f266,5
f267,6
f268,0
f269,8
f270,9
f271,6
f272,2
f273,0
f274,0
f275,7
f276,2
f277,0
f278,4
f279,2
f280,0
f281,9
f282,1
f283,6
f284,9
f285,3
f286,0
f287,0
f288,2
f289,0
f290,6
f291,8
f292,4
f293,0
f294,7
f295,2
f296,1
f297,9
f298,5
f299,2
f300,4
f301,8
f302,5
f303,2
f304,9
f305,7
f306,9
f307,2
f308,9
f309,7
f310,4
f311,9
f312,3
f313,2
f314,7
f315,3
f316,6
f317,3
f318,6
f319,8
f320,8
f321,3
f322,7
f323,0
f324,9
f325,2
f326,7
f327,9
f328,0
f329,5
f330,4
f331,5
f332,8
f333,4
f334,3
f335,3
f336,1
f337,7
f338,8
f339,9
f340,7
f341,6
f342,2
f343,1
f344,7
f345,0
f346,5
f347,6
f348,5
f349,2
f350,9
f351,5
f352,4
f353,6
f354,2
f355,2
f356,2
f357,9
f358,0
f359,7
f360,7
f361,2
f362,2
f363,6
f364,3
f365,4
f366,2
f367,0
f368,5
f369,9
f370,6
f371,2
f372,1
f373,9
f374,0
f375,6
f376,0
f377,4
f378,8
f379,4
f380,3
f381,1
f382,5
f383,4
f384,2
f385,9
f386,5
f387,7
f388,3
f389,1
f390,5
f391,4
f392,5
f393,3
f394,7
f395,3
f396,8
f397,6
f398,2
f399,4
f400,6
f401,1
f402,1
f403,4
f404,0
f405,0
f406,5
f407,8
f408,6
f409,7
f410,4
f411,2
f412,8
f413,0
f414,2
f415,5
f416,4
f417,8
f418,3
f419,0
f420,6
f421,4
f422,8
f423,6
f424,4
f425,1
f426,8
f427,1
f428,5
f429,4
f430,9
f431,4
f432,3
f433,2
f434,0
f435,5
f436,0
f437,7
f438,9
f439,2
f440,9
f441,8
f442,9
f443,6
f444,5
f445,2
f446,4
f447,4
f448,6
f449,4
f450,8
f451,4
f452,1
f453,7
f454,5
f455,8
f456,9
f457,5
f458,9
f459,3
f460,2
f461,5
f462,8
f463,2
f464,2
f465,7
f466,2
f467,8
f468,4
f469,1
f470,9
f471,3
f472,6
f473,0
f474,2
f475,2
f476,9
f477,1
f478,2
f479,7
f480,2
f481,1
f482,3
f483,4
f484,9
f485,1
f486,8
f487,0
f488,2
f489,2
f490,3
f491,4
f492,1
f493,3
f494,7
f495,4
f496,1
f497,4
f498,1
f499,5
f500,9
f501,6
f502,9
f503,0
f504,5
f505,7
f506,6
f507,8
f508,2
f509,0
f510,7
f511,3
f512,5
f513,8
f514,2
f515,8
f516,2
f517,4
f518,8
f519,5
f520,8
f521,9
f522,7
f523,1
f524,2
f525,4
f526,5
f527,5
f528,1
f529,8
f530,1
f531,4
f532,4
f533,6
f534,5
f535,8
f536,9
f537,2
f538,3
f539,0
f540,5
f541,1
f542,4
f543,0
f544,5
f545,1
f546,2
f547,9
f548,2
f549,4
f550,1
f551,6
f552,8
f553,0
f554,4
f555,9
f556,0
f557,0
f558,5
f559,9
f560,2
f561,3
f562,5
f563,9
f564,4
f565,4
f566,3
f567,9
f568,2
f569,3
f570,5
f571,6
f572,5
f573,2
f574,7
f575,2
f576,4
f577,2
f578,4
f579,7
f580,2
f581,5
f582,3
f583,7
f584,6
f585,1
f586,0
f587,7
f588,5
f589,4
f590,5
f591,1
f592,6
f593,9
f594,7
f595,1
f596,6
f597,3
f598,3
f599,1
f600,2
f601,2
f602,0
f603,5
f604,0
f605,6
f606,8
f607,3
f608,6
f609,7
f610,7
f611,3
f612,8
f613,1
f614,7
f615,9
f616,3
f617,9
f618,2
f619,8
f620,3
f621,7
f622,4
f623,1
f624,2
f625,3
f626,6
f627,5
f628,0
f629,1
f630,8
f631,6
f632,9
f633,2
f634,1
f635,6
f636,0
f637,2
f638,8
f639,0
f640,8
f641,8
f642,9
f643,1
f644,2
f645,2
f646,1
f647,4
f648,8
f649,1
f650,4
f651,4
f652,5
f653,1
f654,8
f655,7
f656,7
f657,9
f658,7
f659,0
f660,6
f661,9
f662,4
f663,5
f664,6
f665,2
f666,5
f667,7
f668,4
f669,7
f670,2
f671,3
f672,0
f673,8
f674,4
f675,8
f676,0
f677,0
f678,9
f679,7
f680,7
f681,9
f682,8
f683,2
f684,1
f685,6
f686,5
f687,5
f688,1
f689,1
f690,9
f691,7
f692,7
f693,8
f694,6
f695,4
f696,7
f697,5
f698,3
f699,1
f700,6
f701,4
f702,5
f703,7
f704,4
f705,1
f706,8
f707,3
f708,5
f709,1
f710,7
f711,1
f712,1
f713,8
f714,6
f715,4
f716,3
f717,8
f718,3
f719,1
f720,2
f721,8
f722,9
f723,0
f724,9
f725,1
f726,2
f727,3
f728,3
f729,0
f730,3
f731,0
f732,2
f733,0
f734,3
f735,3
f736,8
f737,3
f738,5
f739,7
f740,0
f741,5
f742,9
f743,0
f744,5
f745,9
f746,1
f747,5
f748,1
f749,1
f750,2
f751,6
f752,5
f753,5
f754,4
f755,5
f756,1
f757,6
f758,0
f759,2
f760,2
f761,8
f762,0
f763,7
f764,1
f765,0
f766,8
f767,5
f768,6
f769,3
f770,2
f771,9
f772,4
f773,3
f774,6
f775,0
f776,3
f777,4
f778,1
f779,5
f780,9
f781,3
f782,0
f783,5
f784,0
f785,6
f786,2
f787,7
f788,6
f789,6
f790,6
f791,9
f792,6
f793,7
f794,8
f795,2
f796,0
f797,6
f798,0
f799,8
f800,9
f801,5
f802,3
f803,6
f804,7
f805,4
f806,3
f807,9
f808,7
f809,2
f810,0
f811,4
f812,7
f813,2
f814,2
f815,8
f816,2
f817,7
f818,0
f819,4
f820,0
f821,5
f822,2
f823,8
f824,7
f825,7
f826,9
f827,1
f828,4
f829,0
f830,1
f831,1
f832,2
f833,3
f834,6
f835,2
f836,0
f837,6
f838,6
f839,1
f840,9
f841,4
f842,5
f843,2
f844,7
f845,7
f846,8
f847,9
f848,5
f849,8
f850,3
f851,8
f852,5
f853,6
f854,2
f855,0
f856,9
f857,7
f858,1
f859,8
f860,2
f861,6
f862,9
f863,8
f864,4
f865,9
f866,4
f867,1
f868,3
f869,8
f870,4
f871,0
f872,7
f873,7
f874,3
f875,7
f876,6
f877,6
f878,8
f879,8
f880,2
f881,7
f882,0
f883,4
f884,3
f885,7
f886,7
f887,0
f888,8
f889,4
f890,7
f891,4
f892,0
f893,6
f894,9
f895,8
f896,6
f897,0
f898,1
f899,6
f900,4
f901,5
f902,2
f903,7
f904,3
f905,6
f906,2
f907,2
f908,9
f909,2
f910,7
f911,4
f912,8
f913,7
f914,2
f915,9
f916,5
f917,3
f918,4
f919,8
f920,0
f921,4
f922,4
f923,6
f924,5
f925,6
f926,1
f927,2
f928,2
f929,8
f930,4
f931,5
f932,7
f933,8
f934,0
f935,6
f936,8
f937,9
f938,1
f939,7
f940,7
f941,2
f942,6
f943,3
f944,9
f945,9
f946,1
f947,0
f948,4
f949,2
f950,5
f951,4
f952,4
f953,9
f954,2
f955,6
f956,7
f957,2
f958,8
f959,3
f960,3
f961,2
f962,7
f963,0
f964,4
f965,7
f966,0
f967,7
f968,7
f969,8
f970,1
f971,7
f972,3
f973,7
f974,8
f975,0
f976,1
f977,0
f978,2
f979,9
f980,7
f981,6
f982,2
f983,2
f984,6
f985,9
f986,0
f987,6
f988,8
f989,8
f990,9
f991,6
f992,3
f993,5
f994,0
f995,2
f996,2
f997,5
f998,9
f999,6
f1000,4
f1001,1
f1002,5
f1003,1
f1004,7
f1005,4
f1006,8
f1007,9
f1008,5
f1009,7
f1010,4
f1011,7
f1012,2
f1013,2
f1014,1
f1015,4
f1016,8
f1017,8
f1018,6
f1019,2
f1020,2
f1021,2
f1022,6
f1023,7
f1024,8
f1025,1
f1026,8
f1027,8
f1028,1
f1029,9
f1030,0
f1031,7
f1032,9
f1033,6
f1034,6
f1035,8
f1036,2
f1037,3
f1038,5
f1039,4
f1040,5
f1041,4
f1042,1
f1043,3
f1044,7
f1045,1
f1046,5
f1047,0
f1048,0
f1049,8
f1050,5
f1051,3
f1052,7
f1053,6
f1054,8
f1055,2
f1056,8
f1057,4
f1058,2
f1059,3
f1060,6
f1061,2
f1062,8
f1063,7
f1064,2
f1065,4
f1066,7
f1067,3
f1068,4
f1069,4
f1070,5
f1071,4
f1072,8
f1073,3
f1074,1
f1075,5
f1076,1
f1077,0
f1078,2
f1079,2
f1080,2
f1081,9
f1082,5
f1083,9
f1084,6
f1085,6
f1086,9
f1087,4
f1088,1
f1089,7
f1090,2
f1091,2
f1092,0
f1093,7
f1094,0
f1095,6
f1096,8
f1097,0
f1098,5
f1099,7
f1100,4
f1101,7
f1102,9
f1103,3
f1104,2
f1105,5
f1106,7
f1107,1
f1108,9
f1109,9
f1110,9
f1111,9
f1112,4
f1113,5
f1114,5
f1115,7
f1116,6
f1117,2
f1118,6
f1119,3
f1120,1
f1121,8
f1122,5
f1123,3
f1124,3
f1125,4
f1126,7
f1127,3
f1128,2
f1129,9
f1130,7
f1131,5
f1132,5
f1133,6
f1134,9
f1135,8
f1136,0
f1137,8
f1138,3
f1139,4
f1140,9
f1141,2
f1142,0
f1143,8
f1144,6
f1145,9
f1146,1
f1147,4
f1148,2
f1149,8
f1150,5
f1151,6
f1152,7
f1153,1
f1154,8
f1155,2
f1156,5
f1157,7
f1158,2
f1159,8
f1160,4
f1161,5
f1162,8
f1163,7
f1164,5
f1165,4
f1166,6
f1167,7
f1168,0
f1169,0
f1170,4
f1171,1
f1172,1
f1173,8
f1174,3
f1175,0
f1176,2
f1177,2
f1178,2
f1179,8
f1180,4
f1181,3
f1182,1
f1183,6
f1184,3
f1185,9
f1186,1
f1187,4
f1188,7
f1189,9
f1190,8
f1191,8
f1192,0
f1193,1
f1194,1
f1195,6
f1196,6
f1197,9
f1198,2
f1199,3
f1200,5
f1201,6
f1202,6
f1203,6
f1204,9
f1205,8
f1206,7
f1207,2
f1208,8
f1209,5
f1210,1
f1211,2
f1212,9
f1213,0
f1214,5
f1215,7
f1216,2
f1217,2
f1218,3
f1219,1
f1220,4
f1221,2
f1222,1
f1223,0
f1224,2
f1225,4
f1226,2
f1227,6
f1228,0
f1229,6
f1230,6
f1231,2
f1232,5
f1233,4
f1234,3
f1235,7
f1236,8
f1237,1
f1238,7
f1239,3
f1240,7
f1241,6
f1242,7
f1243,9
f1244,4
f1245,4
f1246,1
f1247,4
f1248,9
f1249,5
f1250,8
f1251,4
f1252,7
f1253,6
f1254,0
f1255,2
f1256,5
f1257,9
f1258,9
f1259,9
f1260,0
f1261,0
f1262,2
f1263,9
f1264,6
f1265,3
f1266,5
f1267,6
f1268,1
f1269,1
f1270,7
f1271,5
f1272,3
f1273,8
f1274,3
f1275,6
f1276,2
f1277,1
f1278,9
f1279,5
f1280,9
f1281,5
f1282,0
f1283,6
f1284,8
f1285,2
f1286,0
f1287,2
f1288,2
f1289,3
f1290,8
f1291,1
f1292,4
f1293,3
f1294,4
f1295,1
f1296,4
f1297,9
f1298,3
f1299,2
f1300,8
f1301,9
f1302,6
f1303,1
f1304,0
f1305,4
f1306,9
f1307,5
f1308,9
f1309,6
f1310,4
f1311,4
f1312,2
f1313,5
f1314,2
f1315,0
f1316,7
f1317,6
f1318,5
f1319,6
f1320,6
f1321,3
f1322,8
f1323,5
f1324,6
f1325,3
f1326,7
f1327,5
f1328,2
f1329,3
f1330,9
f1331,2
f1332,2
f1333,9
f1334,7
f1335,7
f1336,8
f1337,3
f1338,8
f1339,7
f1340,3
f1341,1
f1342,4
f1343,8
f1344,9
f1345,6
f1346,6
f1347,2
f1348,1
f1349,7
f1350,1
f1351,8
f1352,8
f1353,5
f1354,0
f1355,6
f1356,0
f1357,0
f1358,6
f1359,7
f1360,9
f1361,6
f1362,1
f1363,4
f1364,9
f1365,9
f1366,2
f1367,9
f1368,1
f1369,9
f1370,7
f1371,2
f1372,5
f1373,6
f1374,1
f1375,6
f1376,0
f1377,5
f1378,3
f1379,1
f1380,2
f1381,1
f1382,5
f1383,4
f1384,4
f1385,7
f1386,0
f1387,9
f1388,3
f1389,1
f1390,6
f1391,6
f1392,6
f1393,5
f1394,7
f1395,2
f1396,0
f1397,8
f1398,7
f1399,1
f1400,6
f1401,2
f1402,2
f1403,8
f1404,0
f1405,8
f1406,1
f1407,9
f1408,0
f1409,2
f1410,1
f1411,1
f1412,1
f1413,4
f1414,1
f1415,8
f1416,1
f1417,3
f1418,7
f1419,5
f1420,2
f1421,1
f1422,9
f1423,1
f1424,4
f1425,9
f1426,6
f1427,4
f1428,6
f1429,0
f1430,6
f1431,1
f1432,7
f1433,6
f1434,1
f1435,3
f1436,1
f1437,0
f1438,2
f1439,5
f1440,9
f1441,5
f1442,6
f1443,7
f1444,7
f1445,9
f1446,2
f1447,1
f1448,5
f1449,4
f1450,4
f1451,8
f1452,1
f1453,7
f1454,4
f1455,2
f1456,0
f1457,8
f1458,0
f1459,1
f1460,7
f1461,7
f1462,4
f1463,0
f1464,0
f1465,1
f1466,6
f1467,5
f1468,5
f1469,9
f1470,8
f1471,2
f1472,1
f1473,0
f1474,5
f1475,0
f1476,1
f1477,5
f1478,0
f1479,4
f1480,1
f1481,4
f1482,2
f1483,8
f1484,5
f1485,4
f1486,9
f1487,1
f1488,6
f1489,9
f1490,0
f1491,0
f1492,6
f1493,3
f1494,4
f1495,7
f1496,0
f1497,1
f1498,2
f1499,8
f1500,2
f1501,1
f1502,9
f1503,9
f1504,1
f1505,4
f1506,1
f1507,5
f1508,5
f1509,6
f1510,4
f1511,0
f1512,9
f1513,6
f1514,7
f1515,7
f1516,6
f1517,0
f1518,5
f1519,2
f1520,1
f1521,6
f1522,4
f1523,4
f1524,5
f1525,1
f1526,3
f1527,9
f1528,0
f1529,1
f1530,6
f1531,5
f1532,0
f1533,8
f1534,2
f1535,2
f1536,3
f1537,5
f1538,6
f1539,4
f1540,2
f1541,9
f1542,1
f1543,0
f1544,7
f1545,0
f1546,2
f1547,8
f1548,1
f1549,8
f1550,2
f1551,0
f1552,6
f1553,3
f1554,8
f1555,3
f1556,8
f1557,2
f1558,2
f1559,7
f1560,1
f1561,9
f1562,9
f1563,2
f1564,0
f1565,6
f1566,8
f1567,7
f1568,8
f1569,6
f1570,0
f1571,1
f1572,2
f1573,1
f1574,8
f1575,6
f1576,9
f1577,7
f1578,6
f1579,4
f1580,6
f1581,9
f1582,0
f1583,5
f1584,9
f1585,2
f1586,9
f1587,7
f1588,7
f1589,4
f1590,3
f1591,4
f1592,5
f1593,6
f1594,8
f1595,9
f1596,9
f1597,7
f1598,7
f1599,2
f1600,9
f1601,4
f1602,9
f1603,2
f1604,3
f1605,2
f1606,5
f1607,8
f1608,4
f1609,4
f1610,5
f1611,5
f1612,6
f1613,1
f1614,2
f1615,9
f1616,2
f1617,9
f1618,0
f1619,0
f1620,9
f1621,3
f1622,5
f1623,4
f1624,9
f1625,4
f1626,3
f1627,1
f1628,5
f1629,8
f1630,9
f1631,6
f1632,9
f1633,8
f1634,2
f1635,2
f1636,1
f1637,4
f1638,7
f1639,2
f1640,0
f1641,5
f1642,1
f1643,1
f1644,5
f1645,9
f1646,3
f1647,9
f1648,3
f1649,1
f1650,1
f1651,0
f1652,2
f1653,3
f1654,4
f1655,6
f1656,6
f1657,9
f1658,8
f1659,7
f1660,3
f1661,0
f1662,7
f1663,1
f1664,3
f1665,4
f1666,1
f1667,1
f1668,0
f1669,4
f1670,8
f1671,0
f1672,1
f1673,2
f1674,6
f1675,3
f1676,0
f1677,4
f1678,0
f1679,5
f1680,2
f1681,4
f1682,2
f1683,9
f1684,7
f1685,0
f1686,2
f1687,0
f1688,6
f1689,8
f1690,8
f1691,0
f1692,3
f1693,5
f1694,7
f1695,6
f1696,2
f1697,9
f1698,8
f1699,6
f1700,4
f1701,4
f1702,2
f1703,5
f1704,5
f1705,6
f1706,9
f1707,9
f1708,3
f1709,7
f1710,4
f1711,4
f1712,9
f1713,3
f1714,6
f1715,5
f1716,3
f1717,1
f1718,7
f1719,9
f1720,3
f1721,5
f1722,6
f1723,0
f1724,7
f1725,7
f1726,6
f1727,0
f1728,6
f1729,8
f1730,0
f1731,6
f1732,8
f1733,4
f1734,2
f1735,9
f1736,0
f1737,1
f1738,8
f1739,5
f1740,9
f1741,4
f1742,2
f1743,1
f1744,1
f1745,3
f1746,9
f1747,0
f1748,0
f1749,8
f1750,7
f1751,5
f1752,1
f1753,9
f1754,9
f1755,0
f1756,1
f1757,8
f1758,7
f1759,5
f1760,8
f1761,7
f1762,0
f1763,2
f1764,7
f1765,0
f1766,5
f1767,7
f1768,5
f1769,4
f1770,6
f1771,0
f1772,8
f1773,1
f1774,1
f1775,3
f1776,9
f1777,2
f1778,4
f1779,3
f1780,0
f1781,2
f1782,3
f1783,6
f1784,1
f1785,0
f1786,8
f1787,8
f1788,5
f1789,6
f1790,5
f1791,4
f1792,1
f1793,5
f1794,7
f1795,8
f1796,8
f1797,9
f1798,6
f1799,6
f1800,8
f1801,2
f1802,4
f1803,2
f1804,4
f1805,6
f1806,6
f1807,9
f1808,8
f1809,6
f1810,6
f1811,2
f1812,5
f1813,1
f1814,4
f1815,4
f1816,0
f1817,4
f1818,9
f1819,4
f1820,5
f1821,3
f1822,5
f1823,5
f1824,3
f1825,3
f1826,3
f1827,5
f1828,3
f1829,7
f1830,4
f1831,6
f1832,4
f1833,5
f1834,4
f1835,8
f1836,1
f1837,9
f1838,8
f1839,5
f1840,4
f1841,7
f1842,2
f1843,0
f1844,9
f1845,1
f1846,1
f1847,7
f1848,6
f1849,7
f1850,1
f1851,1
f1852,6
f1853,6
f1854,8
f1855,4
f1856,4
f1857,3
f1858,3
f1859,1
f1860,6
f1861,2
f1862,1
f1863,9
f1864,4
f1865,9
f1866,2
f1867,2
f1868,1
f1869,3
f1870,2
f1871,3
f1872,9
f1873,1
f1874,3
f1875,5
f1876,5
f1877,2
f1878,9
f1879,3
f1880,4
f1881,3
f1882,0
f1883,8
f1884,1
f1885,3
f1886,8
f1887,6
f1888,2
f1889,1
f1890,9
f1891,0
f1892,6
f1893,9
f1894,7
f1895,3
f1896,6
f1897,3
f1898,6
f1899,0
f1900,1
f1901,2
f1902,3
f1903,0
f1904,2
f1905,5
f1906,6
f1907,6
f1908,6
f1909,1
f1910,3
f1911,3
f1912,0
f1913,6
f1914,7
f1915,6
f1916,4
f1917,3
f1918,7
f1919,7
f1920,2
f1921,6
f1922,3
f1923,3
f1924,4
f1925,6
f1926,2
f1927,8
f1928,5
f1929,8
f1930,7
f1931,5
f1932,1
f1933,0
f1934,8
f1935,7
f1936,4
f1937,9
f1938,3
f1939,9
f1940,5
f1941,8
f1942,2
f1943,1
f1944,2
f1945,9
f1946,1
f1947,9
f1948,2
f1949,9
f1950,0
f1951,6
f1952,6
f1953,8
f1954,6
f1955,3
f1956,7
f1957,8
f1958,3
f1959,0
f1960,5
f1961,4
f1962,6
f1963,4
f1964,2
f1965,1
f1966,1
f1967,1
f1968,4
f1969,1
f1970,6
f1971,7
f1972,4
f1973,1
f1974,3
f1975,6
f1976,7
f1977,1
f1978,1
f1979,8
f1980,1
f1981,1
f1982,6
f1983,5
f1984,5
f1985,8
f1986,5
f1987,4
f1988,7
f1989,0
f1990,2
f1991,4
f1992,0
f1993,1
f1994,2
f1995,1
f1996,7
f1997,5
f1998,5
f1999,5
f2000,4
f2001,3
f2002,1
f2003,6
f2004,4
f2005,5
f2006,1
f2007,0
f2008,2
f2009,9
f2010,0
f2011,4
f2012,9
f2013,4
f2014,7
f2015,9
f2016,4
f2017,6
f2018,9
f2019,3
f2020,2
f2021,1
f2022,3
f2023,8
f2024,1
f2025,1
f2026,3
f2027,0
f2028,9
f2029,0
f2030,8
f2031,9
f2032,4
f2033,8
f2034,1
f2035,1
f2036,5
f2037,3
f2038,8
f2039,0
f2040,3
f2041,6
f2042,7
f2043,2
f2044,6
f2045,9
f2046,0
f2047,0
f2048,4
f2049,5
f2050,6
f2051,1
f2052,6
f2053,1
f2054,3
f2055,7
f2056,2
f2057,0
f2058,0
f2059,0
f2060,1
f2061,7
f2062,1
f2063,7
f2064,4
f2065,8
f2066,8
f2067,8
f2068,5
f2069,0
f2070,8
f2071,3
f2072,6
f2073,5
f2074,1
f2075,5
f2076,8
f2077,6
f2078,0
f2079,3
f2080,1
f2081,7
f2082,0
f2083,1
f2084,5
f2085,4
f2086,8
f2087,1
f2088,8
f2089,6
f2090,3
f2091,4
f2092,2
f2093,9
f2094,9
f2095,7
f2096,2
f2097,5
f2098,6
f2099,6
f2100,1
f2101,8
f2102,1
f2103,6
f2104,9
f2105,0
f2106,2
f2107,1
f2108,5
f2109,1
f2110,1
f2111,0
f2112,9
f2113,4
f2114,9
f2115,9
f2116,8
f2117,8
f2118,1
f2119,6
f2120,0
f2121,1
f2122,2
f2123,4
f2124,4
f2125,4
f2126,5
f2127,1
f2128,5
f2129,9
f2130,8
f2131,7
f2132,0
f2133,9
f2134,3
f2135,0
f2136,9
f2137,4
f2138,7
f2139,7
f2140,8
f2141,0
f2142,4
f2143,7
f2144,0
f2145,9
f2146,0
f2147,8
f2148,9
f2149,0
f2150,4
f2151,8
f2152,3
f2153,5
f2154,6
f2155,2
f2156,0
f2157,5
f2158,6
f2159,2
f2160,6
f2161,5
f2162,8
f2163,4
f2164,0
f2165,6
f2166,6
f2167,2
f2168,8
f2169,5
f2170,1
f2171,9
f2172,2
f2173,4
f2174,1
f2175,4
f2176,5
f2177,2
f2178,9
f2179,7
f2180,3
f2181,7
f2182,7
f2183,8
f2184,6
f2185,7
f2186,9
f2187,5
f2188,6
f2189,9
f2190,4
f2191,1
f2192,8
f2193,5
f2194,0
f2195,8
f2196,4
f2197,2
f2198,6
f2199,6
f2200,8
f2201,9
f2202,5
f2203,2
f2204,4
f2205,1
f2206,6
f2207,1
f2208,5
f2209,3
f2210,1
f2211,7
f2212,8
f2213,6
f2214,7
f2215,5
f2216,1
f2217,4
f2218,0
f2219,5
f2220,4
f2221,9
f2222,4
f2223,1
f2224,4
f2225,6
f2226,0
f2227,2
f2228,5
f2229,2
f2230,0
f2231,1
f2232,1
f2233,5
f2234,4
f2235,3
f2236,7
f2237,3
f2238,7
f2239,1
f2240,8
f2241,2
f2242,5
f2243,8
f2244,2
f2245,2
f2246,1
f2247,8
f2248,1
f2249,4
f2250,5
f2251,9
f2252,1
f2253,7
f2254,0
f2255,4
f2256,8
f2257,1
f2258,4
f2259,6
f2260,3
f2261,7
f2262,9
f2263,4
f2264,9
f2265,2
f2266,8
f2267,0
f2268,0
f2269,7
f2270,6
f2271,8
f2272,5
f2273,3
f2274,0
f2275,5
f2276,8
f2277,1
f2278,4
f2279,6
f2280,9
f2281,1
f2282,7
f2283,6
f2284,1
f2285,1
f2286,1
f2287,0
f2288,2
f2289,2
f2290,7
f2291,5
f2292,3
f2293,1
f2294,7
f2295,6
f2296,4
f2297,7
f2298,3
f2299,4
f2300,6
f2301,3
f2302,1
f2303,3
f2304,5
f2305,3
f2306,7
f2307,9
f2308,3
f2309,3
f2310,5
f2311,0
f2312,9
f2313,1
f2314,1
f2315,7
f2316,2
f2317,1
f2318,2
f2319,6
f2320,8
f2321,5
f2322,2
f2323,4
f2324,1
f2325,3
f2326,9
f2327,2
f2328,3
f2329,2
f2330,9
f2331,5
f2332,8
f2333,3
f2334,8
f2335,4
f2336,5
f2337,2
f2338,0
f2339,1
f2340,1
f2341,1
f2342,5
f2343,2
f2344,9
f2345,0
f2346,7
f2347,9
f2348,9
f2349,8
f2350,2
f2351,2
f2352,6
f2353,6
f2354,5
f2355,2
f2356,2
f2357,1
f2358,8
f2359,9
f2360,3
f2361,3
f2362,3
f2363,1
f2364,1
f2365,1
f2366,3
f2367,0
f2368,5
f2369,2
f2370,0
f2371,6
f2372,1
f2373,9
f2374,1
f2375,8
f2376,9
f2377,3
f2378,3
f2379,9
f2380,4
f2381,1
f2382,0
f2383,0
f2384,0
f2385,4
f2386,0
f2387,2
f2388,6
f2389,0
f2390,5
f2391,9
f2392,7
f2393,4
f2394,4
f2395,5
f2396,4
f2397,5
f2398,6
f2399,2
f2400,4
f2401,6
f2402,8
f2403,5
f2404,5
f2405,6
f2406,7
f2407,2
f2408,5
f2409,1
f2410,0
f2411,1
f2412,3
f2413,5
f2414,6
f2415,7
f2416,9
f2417,0
f2418,9
f2419,9
f2420,9
f2421,6
f2422,2
f2423,4
f2424,3
f2425,7
f2426,7
f2427,2
f2428,0
f2429,2
f2430,1
f2431,6
f2432,1
f2433,2
f2434,7
f2435,9
f2436,7
f2437,9
f2438,7
f2439,6
f2440,3
f2441,5
f2442,7
f2443,9
f2444,0
f2445,0
f2446,3
f2447,7
f2448,3
f2449,4
f2450,3
f2451,5
f2452,5
f2453,4
f2454,5
f2455,0
f2456,4
f2457,7
f2458,8
f2459,3
f2460,3
f2461,2
f2462,8
f2463,8
f2464,9
f2465,4
f2466,5
f2467,5
f2468,7
f2469,2
f2470,3
f2471,4
f2472,0
f2473,5
f2474,0
f2475,1
f2476,7
f2477,4
f2478,6
f2479,4
f2480,2
f2481,1
f2482,9
f2483,1
f2484,9
f2485,6
f2486,5
f2487,5
f2488,0
f2489,8
f2490,4
f2491,3
f2492,1
f2493,2
f2494,1
f2495,0
f2496,2
f2497,3
f2498,6
f2499,3
f2500,8
f2501,1
f2502,7
f2503,0
f2504,4
f2505,9
f2506,2
f2507,4
f2508,3
f2509,7
f2510,8
f2511,7
f2512,4
f2513,5
f2514,9
f2515,4
f2516,2
f2517,4
f2518,1
f2519,9
f2520,0
f2521,9
f2522,2
f2523,1
f2524,8
f2525,5
f2526,3
f2527,0
f2528,2
f2529,0
f2530,4
f2531,2
f2532,5
f2533,6
f2534,4
f2535,5
f2536,0
f2537,9
f2538,5
f2539,5
f2540,6
f2541,0
f2542,2
f2543,0
f2544,3
f2545,2
f2546,7
f2547,6
f2548,0
f2549,7
f2550,1
f2551,9
f2552,5
f2553,3
f2554,7
f2555,2
f2556,5
f2557,3
f2558,0
f2559,7
f2560,8
f2561,1
f2562,6
f2563,6
f2564,5
f2565,6
f2566,3
f2567,0
f2568,3
f2569,5
f2570,2
f2571,7
f2572,2
f2573,8
f2574,7
f2575,3
f2576,6
f2577,4
f2578,4
f2579,3
f2580,8
f2581,8
f2582,8
f2583,1
f2584,5
f2585,2
f2586,6
f2587,9
f2588,2
f2589,3
f2590,1
f2591,7
f2592,1
f2593,1
f2594,0
f2595,3
f2596,9
f2597,4
f2598,1
f2599,5
f2600,1
f2601,7
f2602,0
f2603,6
f2604,3
f2605,6
f2606,6
f2607,8
f2608,7
f2609,7
f2610,4
f2611,1
f2612,9
f2613,0
f2614,0
f2615,3
f2616,8
f2617,2
f2618,7
f2619,0
f2620,7
f2621,8
f2622,8
f2623,1
f2624,9
f2625,7
f2626,4
f2627,3
f2628,5
f2629,8
f2630,0
f2631,9
f2632,0
f2633,7
f2634,9
f2635,9
f2636,7
f2637,4
f2638,1
f2639,1
f2640,5
f2641,7
f2642,7
f2643,9
f2644,9
f2645,2
f2646,8
f2647,7
f2648,3
f2649,7
f2650,4
f2651,5
f2652,1
f2653,0
f2654,7
f2655,0
f2656,5
f2657,6
f2658,3
f2659,3
f2660,9
f2661,1
f2662,8
f2663,6
f2664,1
f2665,7
f2666,0
f2667,2
f2668,3
f2669,8
f2670,1
f2671,6
f2672,3
f2673,7
f2674,2
f2675,6
f2676,2
f2677,1
f2678,4
f2679,7
f2680,5
f2681,0
f2682,2
f2683,9
f2684,1
f2685,0
f2686,6
f2687,7
f2688,9
f2689,3
f2690,4
f2691,8
f2692,7
f2693,2
f2694,2
f2695,4
f2696,3
f2697,1
f2698,8
f2699,0
f2700,5
f2701,1
f2702,5
f2703,4
f2704,2
f2705,7
f2706,2
f2707,5
f2708,0
f2709,8
f2710,5
f2711,6
f2712,4
f2713,6
f2714,5
f2715,1
f2716,7
f2717,6
f2718,2
f2719,8
f2720,1
f2721,0
f2722,1
f2723,8
f2724,9
f2725,2
f2726,6
f2727,5
f2728,5
f2729,5
f2730,0
f2731,7
f2732,5
f2733,9
f2734,0
f2735,9
f2736,1
f2737,9
f2738,1
f2739,5
f2740,7
f2741,6
f2742,8
f2743,9
f2744,2
f2745,0
f2746,4
f2747,7
f2748,5
f2749,1
f2750,7
f2751,5
f2752,3
f2753,6
f2754,0
f2755,1
f2756,6
f2757,1
f2758,8
f2759,6
f2760,3
f2761,8
f2762,8
f2763,4
f2764,4
f2765,8
f2766,0
f2767,6
f2768,1
f2769,3
f2770,2
f2771,6
f2772,0
f2773,9
f2774,7
f2775,8
f2776,4
f2777,4
f2778,0
f2779,7
f2780,1
f2781,6
f2782,8
f2783,6
f2784,7
f2785,1
f2786,9
f2787,1
f2788,1
f2789,0
f2790,7
f2791,3
f2792,5
f2793,1
f2794,6
f2795,7
f2796,0
f2797,0
f2798,9
f2799,8
f2800,7
f2801,2
f2802,6
f2803,4
f2804,8
f2805,8
f2806,3
f2807,6
f2808,4
f2809,5
f2810,3
f2811,1
f2812,5
f2813,2
f2814,7
f2815,2
f2816,7
f2817,4
f2818,7
f2819,6
f2820,9
f2821,8
f2822,3
f2823,7
f2824,2
f2825,1
f2826,0
f2827,7
f2828,3
f2829,2
f2830,2
f2831,3
f2832,9
f2833,6
f2834,1
f2835,9
f2836,0
f2837,1
f2838,6
f2839,0
f2840,7
f2841,9
f2842,1
f2843,0
f2844,5
f2845,9
f2846,4
f2847,1
f2848,9
f2849,9
f2850,9
f2851,5
f2852,0
f2853,7
f2854,4
f2855,0
f2856,8
f2857,1
f2858,5
f2859,9
f2860,4
f2861,5
f2862,7
f2863,6
f2864,8
f2865,7
f2866,4
f2867,3
f2868,5
f2869,8
f2870,6
f2871,3
f2872,5
f2873,5
f2874,4
f2875,3
f2876,8
f2877,3
f2878,7
f2879,5
f2880,7
f2881,4
f2882,1
f2883,4
f2884,8
f2885,6
f2886,1
f2887,8
f2888,2
f2889,0
f2890,1
f2891,7
f2892,5
f2893,3
f2894,4
f2895,1
f2896,1
f2897,4
f2898,4
f2899,2
f2900,0
f2901,3
f2902,7
f2903,5
f2904,0
f2905,3
f2906,1
f2907,8
f2908,9
f2909,0
f2910,7
f2911,6
f2912,8
f2913,1
f2914,7
f2915,9
f2916,0
f2917,7
f2918,5
f2919,3
f2920,6
f2921,4
f2922,2
f2923,3
f2924,6
f2925,5
f2926,5
f2927,5
f2928,8
f2929,2
f2930,7
f2931,8
f2932,6
f2933,3
f2934,6
f2935,7
f2936,8
f2937,6
f2938,2
f2939,8
f2940,6
f2941,0
f2942,8
f2943,1
f2944,0
f2945,8
f2946,9
f2947,0
f2948,3
f2949,3
f2950,9
f2951,8
f2952,1
f2953,8
f2954,2
f2955,1
f2956,9
f2957,1
f2958,3
f2959,5
f2960,8
f2961,7
f2962,2
f2963,9
f2964,7
f2965,3
f2966,3
f2967,7
f2968,7
f2969,3
f2970,1
f2971,6
f2972,9
f2973,4
f2974,6
f2975,3
f2976,3
f2977,2
f2978,8
f2979,4
f2980,6
f2981,4
f2982,7
f2983,8
f2984,1
f2985,7
f2986,7
f2987,0
f2988,6
f2989,6
f2990,8
f2991,6
f2992,2
f2993,7
f2994,8
f2995,3
f2996,5
f2997,2
f2998,3
f2999,2
f3000,3
f3001,7
f3002,4
f3003,9
f3004,1
f3005,7
f3006,8
f3007,9
f3008,1
f3009,4
f3010,8
f3011,1
f3012,6
f3013,7
f3014,0
f3015,4
f3016,7
f3017,2
f3018,5
f3019,9
f3020,4
f3021,2
f3022,4
f3023,8
f3024,0
f3025,8
f3026,7
f3027,4
f3028,0
f3029,8
f3030,1
f3031,3
f3032,2
f3033,7
f3034,3
f3035,3
f3036,6
f3037,2
f3038,9
f3039,4
f3040,7
f3041,9
f3042,8
f3043,3
f3044,0
f3045,3
f3046,3
f3047,7
f3048,5
f3049,0
f3050,2
f3051,3
f3052,8
f3053,2
f3054,0
f3055,3
f3056,8
f3057,5
f3058,2
f3059,4
f3060,0
f3061,4
f3062,8
f3063,9
f3064,6
f3065,6
f3066,3
f3067,0
f3068,0
f3069,2
f3070,9
f3071,2
f3072,4
f3073,4
f3074,8
f3075,8
f3076,6
f3077,5
f3078,9
f3079,8
f3080,2
f3081,9
f3082,2
f3083,8
f3084,6
f3085,0
f3086,7
f3087,4
f3088,8
f3089,0
f3090,5
f3091,5
f3092,5
f3093,6
f3094,3
f3095,5
f3096,3
f3097,0
f3098,9
f3099,6
f3100,0
f3101,5
f3102,5
f3103,9
f3104,0
f3105,5
f3106,0
f3107,3
f3108,1
f3109,7
f3110,7
f3111,6
f3112,2
f3113,7
f3114,6
f3115,0
f3116,0
f3117,5
f3118,9
f3119,1
f3120,7
f3121,1
f3122,5
f3123,7
f3124,9
f3125,9
f3126,6
f3127,2
f3128,4
f3129,6
f3130,3
f3131,1
f3132,2
f3133,3
f3134,2
f3135,1
f3136,3
f3137,4
f3138,2
f3139,1
f3140,6
f3141,4
f3142,0
f3143,3
f3144,0
f3145,8
f3146,1
f3147,0
f3148,7
f3149,7
f3150,1
f3151,2
f3152,5
f3153,0
f3154,4
f3155,4
f3156,3
f3157,8
f3158,2
f3159,2
f3160,9
f3161,4
f3162,4
f3163,3
f3164,8
f3165,0
f3166,0
f3167,8
f3168,9
f3169,3
f3170,9
f3171,5
f3172,4
f3173,1
f3174,5
f3175,6
f3176,9
f3177,2
f3178,9
f3179,8
f3180,4
f3181,3
f3182,3
f3183,8
f3184,2
f3185,6
f3186,8
f3187,9
f3188,6
f3189,2
f3190,1
f3191,2
f3192,3
f3193,2
f3194,6
f3195,0
f3196,0
f3197,1
f3198,2
f3199,0
f3200,0
f3201,1
f3202,5
f3203,7
f3204,5
f3205,7
f3206,2
f3207,5
f3208,0
f3209,8
f3210,2
f3211,9
f3212,7
f3213,6
f3214,7
f3215,7
f3216,2
f3217,8
f3218,4
f3219,6
f3220,5
f3221,9
f3222,5
f3223,9
f3224,7
f3225,0
f3226,5
f3227,3
f3228,9
f3229,3
f3230,8
f3231,8
f3232,8
f3233,7
f3234,6
f3235,7
f3236,7
f3237,5
f3238,0
f3239,7
f3240,7
f3241,1
f3242,7
f3243,3
f3244,9
f3245,7
f3246,3
f3247,2
f3248,9
f3249,8
f3250,4
f3251,0
f3252,1
f3253,6
f3254,0
f3255,5
f3256,0
f3257,9
f3258,9
f3259,1
f3260,0
f3261,1
f3262,0
f3263,9
f3264,7
f3265,7
f3266,1
f3267,1
f3268,2
f3269,0
f3270,5
f3271,3
f3272,0
f3273,2
f3274,8
f3275,3
f3276,6
f3277,6
f3278,4
f3279,3
f3280,6
f3281,5
f3282,4
f3283,2
f3284,9
f3285,8
f3286,8
f3287,5
f3288,2
f3289,7
f3290,1
f3291,9
f3292,8
f3293,2
f3294,6
f3295,1
f3296,8
f3297,0
f3298,8
f3299,8
f3300,0
f3301,6
f3302,2
f3303,4
f3304,9
f3305,6
f3306,5
f3307,3
f3308,5
f3309,8
f3310,4
f3311,9
f3312,0
f3313,1
f3314,1
f3315,1
f3316,3
f3317,3
f3318,3
f3319,7
f3320,7
f3321,4
f3322,1
f3323,0
f3324,4
f3325,8
f3326,5
f3327,9
f3328,1
f3329,2
f3330,3
f3331,5
f3332,0
f3333,1
f3334,6
f3335,6
f3336,7
f3337,1
f3338,9
f3339,7
f3340,6
f3341,5
f3342,2
f3343,0
f3344,8
f3345,6
f3346,8
f3347,6
f3348,3
f3349,0
f3350,3
f3351,2
f3352,7
f3353,5
f3354,3
f3355,3
f3356,9
f3357,8
f3358,1
f3359,1
f3360,3
f3361,7
f3362,8
f3363,4
f3364,0
f3365,6
f3366,2
f3367,8
f3368,2
f3369,1
f3370,6
f3371,6
f3372,7
f3373,4
f3374,5
f3375,5
f3376,7
f3377,6
f3378,0
f3379,6
f3380,8
f3381,6
f3382,7
f3383,4
f3384,0
f3385,6
f3386,5
f3387,0
f3388,9
f3389,7
f3390,8
f3391,9
f3392,3
f3393,8
f3394,4
f3395,3
f3396,5
f3397,0
f3398,6
f3399,9
f3400,8
f3401,1
f3402,0
f3403,7
f3404,9
f3405,5
f3406,7
f3407,0
f3408,7
f3409,6
f3410,8
f3411,9
f3412,2
f3413,4
f3414,2
f3415,8
f3416,1
f3417,5
f3418,1
f3419,1
f3420,0
f3421,7
f3422,1
f3423,9
f3424,1
f3425,3
f3426,4
f3427,0
f3428,7
f3429,8
f3430,3
f3431,4
f3432,3
f3433,5
f3434,5
f3435,2
f3436,0
f3437,5
f3438,8
f3439,9
f3440,3
f3441,4
f3442,1
f3443,1
f3444,7
f3445,7
f3446,5
f3447,8
f3448,1
f3449,5
f3450,0
f3451,5
f3452,2
f3453,4
f3454,7
f3455,9
f3456,0
f3457,4
f3458,4
f3459,2
f3460,0
f3461,0
f3462,6
f3463,6
f3464,6
f3465,2
f3466,8
f3467,2
f3468,9
f3469,8
f3470,5
f3471,6
f3472,5
f3473,4
f3474,2
f3475,1
f3476,7
f3477,3
f3478,0
f3479,6
f3480,2
f3481,9
f3482,8
f3483,5
f3484,2
f3485,8
f3486,4
f3487,4
f3488,3
f3489,1
f3490,5
f3491,1
f3492,6
f3493,8
f3494,4
f3495,4
f3496,1
f3497,2
f3498,4
f3499,7
f3500,1
f3501,6
f3502,6
f3503,0
f3504,3
f3505,3
f3506,1
f3507,2
f3508,3
f3509,6
f3510,6
f3511,2
f3512,6
f3513,6
f3514,3
f3515,7
f3516,5
f3517,6
f3518,5
f3519,6
f3520,6
f3521,8
f3522,8
f3523,5
f3524,7
f3525,5
f3526,5
f3527,8
f3528,1
f3529,7
f3530,4
f3531,5
f3532,7
f3533,8
f3534,0
f3535,5
f3536,4
f3537,1
f3538,3
f3539,6
f3540,1
f3541,4
f3542,4
f3543,6
f3544,2
f3545,4
f3546,6
f3547,2
f3548,5
f3549,5
f3550,8
f3551,2
f3552,2
f3553,9
f3554,1
f3555,9
f3556,2
f3557,6
f3558,8
f3559,3
f3560,4
f3561,7
f3562,3
f3563,0
f3564,5
f3565,3
f3566,4
f3567,4
f3568,7
f3569,9
f3570,1
f3571,5
f3572,3
f3573,5
f3574,9
f3575,4
f3576,3
f3577,9
f3578,1
f3579,5
f3580,6
f3581,1
f3582,4
f3583,2
f3584,5
f3585,7
f3586,5
f3587,1
f3588,4
f3589,1
f3590,7
f3591,9
f3592,5
f3593,0
f3594,6
f3595,0
f3596,4
f3597,7
f3598,2
f3599,5
f3600,0
f3601,3
f3602,3
f3603,7
f3604,4
f3605,0
f3606,6
f3607,8
f3608,2
f3609,7
f3610,1
f3611,7
f3612,3
f3613,8
f3614,0
f3615,2
f3616,5
f3617,6
f3618,2
f3619,9
f3620,3
f3621,2
f3622,5
f3623,9
f3624,2
f3625,1
f3626,9
f3627,1
f3628,4
f3629,4
f3630,8
f3631,3
f3632,3
f3633,1
f3634,9
f3635,2
f3636,9
f3637,9
f3638,4
f3639,8
f3640,3
f3641,9
f3642,8
f3643,3
f3644,2
f3645,1
f3646,6
f3647,5
f3648,8
f3649,8
f3650,7
f3651,8
f3652,4
f3653,9
f3654,7
f3655,5
f3656,1
f3657,2
f3658,8
f3659,3
f3660,7
f3661,5
f3662,7
f3663,5
f3664,9
f3665,8
f3666,8
f3667,6
f3668,8
f3669,6
f3670,0
f3671,0
f3672,1
f3673,5
f3674,0
f3675,2
f3676,3
f3677,3
f3678,9
f3679,9
f3680,5
f3681,3
f3682,7
f3683,8
f3684,8
f3685,1
f3686,5
f3687,9
f3688,2
f3689,4
f3690,1
f3691,3
f3692,7
f3693,8
f3694,9
f3695,6
f3696,2
f3697,1
f3698,0
f3699,4
f3700,0
f3701,6
f3702,4
f3703,0
f3704,8
f3705,6
f3706,8
f3707,2
f3708,7
f3709,0
f3710,8
f3711,3
f3712,2
f3713,3
f3714,0
f3715,2
f3716,9
f3717,8
f3718,8
f3719,6
f3720,4
f3721,9
f3722,2
f3723,3
f3724,3
f3725,7
f3726,7
f3727,8
f3728,6
f3729,0
f3730,7
f3731,6
f3732,7
f3733,7
f3734,4
f3735,7
f3736,1
f3737,2
f3738,2
f3739,9
f3740,9
f3741,0
f3742,2
f3743,5
f3744,7
f3745,7
f3746,0
f3747,3
f3748,3
f3749,5
f3750,4
f3751,4
f3752,0
f3753,1
f3754,7
f3755,6
f3756,1
f3757,4
f3758,9
f3759,8
f3760,9
f3761,1
f3762,2
f3763,4
f3764,1
f3765,8
f3766,6
f3767,4
f3768,6
f3769,3
f3770,7
f3771,8
f3772,7
f3773,7
f3774,5
f3775,4
f3776,3
f3777,3
f3778,0
f3779,3
f3780,7
f3781,7
f3782,0
f3783,6
f3784,1
f3785,7
f3786,7
f3787,7
f3788,5
f3789,3
f3790,0
f3791,4
f3792,4
f3793,1
f3794,8
f3795,2
f3796,8
f3797,6
f3798,1
f3799,6
f3800,5
f3801,8
f3802,0
f3803,1
f3804,8
f3805,4
f3806,6
f3807,4
f3808,9
f3809,4
f3810,2
f3811,1
f3812,2
f3813,4
f3814,2
f3815,6
f3816,7
f3817,8
f3818,5
f3819,6
f3820,3
f3821,4
f3822,0
f3823,7
f3824,8
f3825,1
f3826,6
f3827,3
f3828,2
f3829,5
f3830,3
f3831,5
f3832,9
f3833,9
f3834,7
f3835,6
f3836,6
f3837,2
f3838,8
f3839,0
f3840,6
f3841,2
f3842,6
f3843,3
f3844,8
f3845,5
f3846,1
f3847,1
f3848,2
f3849,6
f3850,1
f3851,2
f3852,8
f3853,4
f3854,1
f3855,6
f3856,1
f3857,0
f3858,7
f3859,7
f3860,6
f3861,7
f3862,5
f3863,3
f3864,3
f3865,6
f3866,2
f3867,2
f3868,9
f3869,0
f3870,9
f3871,2
f3872,5
f3873,9
f3874,6
f3875,6
f3876,1
f3877,2
f3878,6
f3879,0
f3880,4
f3881,8
f3882,2
f3883,7
f3884,9
f3885,7
f3886,1
f3887,7
f3888,1
f3889,7
f3890,2
f3891,6
f3892,2
f3893,9
f3894,4
f3895,4
f3896,7
f3897,4
f3898,1
f3899,7
f3900,6
f3901,1
f3902,5
f3903,5
f3904,2
f3905,3
f3906,8
f3907,7
f3908,9
f3909,3
f3910,0
f3911,3
f3912,1
f3913,9
f3914,4
f3915,0
f3916,5
f3917,4
f3918,3
f3919,2
f3920,2
f3921,9
f3922,7
f3923,9
f3924,9
f3925,0
f3926,6
f3927,9
f3928,0
f3929,9
f3930,8
f3931,8
f3932,1
f3933,1
f3934,3
f3935,0
f3936,9
f3937,2
f3938,7
f3939,4
f3940,4
f3941,0
f3942,1
f3943,0
f3944,0
f3945,6
f3946,2
f3947,1
f3948,3
f3949,0
f3950,3
f3951,6
f3952,3
f3953,1
f3954,9
f3955,9
f3956,4
f3957,8
f3958,0
f3959,7
f3960,1
f3961,2
f3962,1
f3963,0
f3964,5
f3965,3
f3966,7
f3967,8
f3968,6
f3969,5
f3970,4
f3971,0
f3972,1
f3973,9
f3974,8
f3975,6
f3976,6
f3977,7
f3978,8
f3979,0
f3980,3
f3981,9
f3982,1
f3983,1
f3984,4
f3985,1
f3986,8
f3987,3
f3988,1
f3989,1
f3990,6
f3991,3
f3992,1
f3993,2
f3994,2
f3995,3
f3996,6
f3997,7
f3998,6
f3999,6
f4000,4
f4001,8
f4002,8
f4003,0
f4004,5
f4005,0
f4006,0
f4007,3
f4008,8
f4009,2
f4010,1
f4011,2
f4012,5
f4013,6
f4014,3
f4015,0
f4016,6
f4017,6
f4018,1
f4019,3
f4020,9
f4021,6
f4022,0
f4023,2
f4024,4
f4025,6
f4026,3
f4027,2
f4028,7
f4029,8
f4030,3
f4031,2
f4032,9
f4033,9
f4034,4
f4035,7
f4036,2
f4037,7
f4038,8
f4039,6
f4040,1
f4041,5
f4042,0
f4043,9
f4044,5
f4045,5
f4046,2
f4047,5
f4048,7
f4049,4
f4050,0
f4051,2
f4052,9
f4053,8
f4054,3
f4055,2
f4056,1
f4057,2
f4058,4
f4059,6
f4060,2
f4061,3
f4062,3
f4063,2
f4064,1
f4065,6
f4066,8
f4067,5
f4068,5
f4069,6
f4070,1
f4071,8
f4072,4
f4073,4
f4074,4
f4075,7
f4076,8
f4077,1
f4078,2
f4079,0
f4080,4
f4081,5
f4082,8
f4083,2
f4084,3
f4085,4
f4086,2
f4087,7
f4088,7
f4089,9
f4090,4
f4091,7
f4092,5
f4093,9
f4094,5
f4095,7
f4096,0
f4097,4
f4098,0
f4099,6
f4100,8
f4101,5
f4102,8
f4103,6
f4104,0
f4105,4
f4106,3
f4107,6
f4108,2
f4109,0
f4110,9
f4111,1
f4112,4
f4113,9
f4114,7
f4115,9
f4116,5
f4117,6
f4118,2
f4119,2
f4120,0
f4121,8
f4122,4
f4123,2
f4124,9
f4125,9
f4126,5
f4127,9
f4128,6
f4129,9
f4130,0
f4131,4
f4132,0
f4133,9
f4134,0
f4135,6
f4136,6
f4137,8
f4138,4
f4139,8
f4140,7
f4141,3
f4142,1
f4143,4
f4144,9
f4145,0
f4146,1
f4147,7
f4148,0
f4149,7
f4150,7
f4151,3
f4152,3
f4153,2
f4154,4
f4155,0
f4156,9
f4157,6
f4158,1
f4159,9
f4160,2
f4161,8
f4162,6
f4163,5
f4164,0
f4165,2
f4166,1
f4167,7
f4168,8
f4169,0
f4170,0
f4171,8
f4172,6
f4173,1
f4174,5
f4175,4
f4176,0
f4177,6
f4178,6
f4179,9
f4180,7
f4181,7
f4182,1
f4183,0
f4184,8
f4185,6
f4186,3
f4187,8
f4188,5
f4189,6
f4190,0
f4191,8
f4192,7
f4193,3
f4194,2
f4195,3
f4196,4
f4197,5
f4198,9
f4199,2
f4200,5
f4201,7
f4202,7
f4203,1
f4204,8
f4205,1
f4206,7
f4207,5
f4208,6
f4209,4
f4210,4
f4211,2
f4212,6
f4213,9
f4214,6
f4215,7
f4216,9
f4217,1
f4218,2
f4219,1
f4220,9
f4221,6
f4222,8
f4223,1
f4224,4
f4225,2
f4226,0
f4227,9
f4228,4
f4229,0
f4230,1
f4231,1
f4232,9
f4233,9
f4234,1
f4235,7
f4236,6
f4237,2
f4238,9
f4239,0
f4240,3
f4241,4
f4242,3
f4243,2
f4244,5
f4245,2
f4246,0
f4247,5
f4248,1
f4249,8
f4250,5
f4251,6
f4252,0
f4253,6
f4254,3
f4255,7
f4256,3
f4257,4
f4258,4
f4259,6
f4260,7
f4261,1
f4262,3
f4263,6
f4264,1
f4265,5
f4266,1
f4267,0
f4268,3
f4269,5
f4270,6
f4271,0
f4272,4
f4273,6
f4274,3
f4275,3
f4276,9
f4277,2
f4278,3
f4279,9
f4280,3
f4281,9
f4282,3
f4283,4
f4284,2
f4285,6
f4286,3
f4287,4
f4288,6
f4289,4
f4290,2
f4291,7
f4292,9
f4293,7
f4294,5
f4295,1
f4296,9
f4297,6
f4298,4
f4299,0
f4300,6
f4301,0
f4302,3
f4303,0
f4304,9
f4305,9
f4306,5
f4307,1
f4308,1
f4309,7
f4310,2
f4311,1
f4312,6
f4313,2
f4314,3
f4315,0
f4316,9
f4317,1
f4318,6
f4319,5
f4320,9
f4321,5
f4322,9
f4323,2
f4324,1
f4325,2
f4326,2
f4327,2
f4328,3
f4329,1
f4330,2
f4331,2
f4332,6
f4333,8
f4334,9
f4335,4
f4336,9
f4337,9
f4338,4
f4339,4
f4340,7
f4341,2
f4342,3
f4343,3
f4344,6
f4345,8
f4346,1
f4347,2
f4348,3
f4349,6
f4350,5
f4351,6
f4352,7
f4353,8
f4354,8
f4355,4
f4356,8
f4357,2
f4358,6
f4359,8
f4360,0
f4361,1
f4362,3
f4363,6
f4364,7
f4365,5
f4366,1
f4367,6
f4368,1
f4369,6
f4370,1
f4371,3
f4372,0
f4373,9
f4374,0
f4375,9
f4376,1
f4377,3
f4378,0
f4379,2
f4380,1
f4381,2
f4382,4
f4383,3
f4384,6
f4385,2
f4386,5
f4387,5
f4388,0
f4389,2
f4390,4
f4391,0
f4392,2
f4393,3
f4394,3
f4395,1
f4396,1
f4397,0
f4398,4
f4399,7
f4400,4
f4401,0
f4402,4
f4403,1
f4404,1
f4405,8
f4406,3
f4407,8
f4408,5
f4409,7
f4410,7
f4411,4
f4412,4
f4413,3
f4414,6
f4415,6
f4416,5
f4417,4
f4418,9
f4419,2
f4420,5
f4421,8
f4422,6
f4423,5
f4424,1
f4425,5
f4426,7
f4427,3
f4428,9
f4429,5
f4430,7
f4431,8
f4432,8
f4433,0
f4434,7
f4435,0
f4436,1
f4437,6
f4438,8
f4439,9
f4440,1
f4441,1
f4442,7
f4443,9
f4444,8
f4445,7
f4446,9
f4447,3
f4448,7
f4449,3
f4450,9
f4451,3
f4452,2
f4453,1
f4454,1
f4455,2
f4456,7
f4457,3
f4458,9
f4459,1
f4460,0
f4461,8
f4462,2
f4463,3
f4464,4
f4465,0
f4466,6
f4467,7
f4468,9
f4469,4
f4470,7
f4471,0
f4472,9
f4473,2
f4474,5
f4475,3
f4476,0
f4477,4
f4478,3
f4479,6
f4480,3
f4481,8
f4482,6
f4483,5
f4484,8
f4485,6
f4486,1
f4487,6
f4488,3
f4489,3
f4490,2
f4491,8
f4492,2
f4493,0
f4494,0
f4495,0
f4496,2
f4497,4
f4498,3
f4499,2
f4500,4
f4501,5
f4502,3
f4503,9
f4504,8
f4505,7
f4506,4
f4507,5
f4508,7
f4509,0
f4510,1
f4511,1
f4512,3
f4513,3
f4514,9
f4515,6
f4516,5
f4517,6
f4518,4
f4519,4
f4520,4
f4521,6
f4522,3
f4523,0
f4524,1
f4525,5
f4526,8
f4527,2
f4528,0
f4529,0
f4530,1
f4531,8
f4532,1
f4533,7
f4534,4
f4535,7
f4536,4
f4537,3
f4538,2
f4539,1
f4540,2
f4541,5
f4542,2
f4543,8
f4544,5
f4545,7
f4546,5
f4547,0
f4548,5
f4549,4
f4550,2
f4551,4
f4552,0
f4553,9
f4554,1
f4555,5
f4556,3
f4557,1
f4558,7
f4559,7
f4560,2
f4561,0
f4562,7
f4563,5
f4564,9
f4565,0
f4566,1
f4567,9
f4568,9
f4569,7
f4570,2
f4571,3
f4572,6
f4573,9
f4574,0
f4575,1
f4576,2
f4577,7
f4578,1
f4579,9
f4580,8
f4581,5
f4582,7
f4583,7
f4584,5
f4585,3
f4586,8
f4587,2
f4588,7
f4589,8
f4590,1
f4591,7
f4592,7
f4593,7
f4594,6
f4595,7
f4596,6
f4597,5
f4598,2
f4599,9
f4600,4
f4601,5
f4602,2
f4603,8
f4604,7
f4605,2
f4606,9
f4607,6
f4608,5
f4609,0
f4610,4
f4611,2
f4612,6
f4613,8
f4614,2
f4615,1
f4616,9
f4617,2
f4618,0
f4619,2
f4620,3
f4621,6
f4622,0
f4623,2
f4624,4
f4625,0
f4626,5
f4627,8
f4628,2
f4629,4
f4630,2
f4631,1
f4632,5
f4633,8
f4634,7
f4635,9
f4636,2
f4637,9
f4638,2
f4639,3
f4640,5
f4641,7
f4642,2
f4643,1
f4644,3
f4645,6
f4646,8
f4647,1
f4648,5
f4649,7
f4650,8
f4651,0
f4652,0
f4653,4
f4654,3
f4655,0
f4656,6
f4657,9
f4658,8
f4659,8
f4660,9
f4661,4
f4662,9
f4663,3
f4664,8
f4665,1
f4666,7
f4667,3
f4668,9
f4669,9
f4670,5
f4671,2
f4672,8
f4673,9
f4674,6
f4675,4
f4676,1
f4677,4
f4678,2
f4679,9
f4680,1
f4681,9
f4682,8
f4683,5
f4684,2
f4685,7
f4686,1
f4687,8
f4688,1
f4689,3
f4690,5
f4691,8
f4692,8
f4693,6
f4694,3
f4695,6
f4696,5
f4697,5
f4698,1
f4699,8
f4700,9
f4701,4
f4702,9
f4703,9
f4704,0
f4705,2
f4706,2
f4707,3
f4708,6
f4709,8
f4710,1
f4711,2
f4712,4
f4713,2
f4714,9
f4715,3
f4716,5
f4717,1
f4718,0
f4719,6
f4720,6
f4721,8
f4722,1
f4723,0
f4724,2
f4725,6
f4726,0
f4727,6
f4728,3
f4729,2
f4730,0
f4731,5
f4732,5
f4733,9
f4734,0
f4735,8
f4736,9
f4737,7
f4738,7
f4739,3
f4740,4
f4741,9
f4742,1
f4743,2
f4744,8
f4745,9
f4746,4
f4747,3
f4748,9
f4749,3
f4750,6
f4751,1
f4752,1
f4753,4
f4754,2
f4755,8
f4756,6
f4757,2
f4758,7
f4759,2
f4760,2
f4761,6
f4762,0
f4763,1
f4764,9
f4765,7
f4766,6
f4767,4
f4768,2
f4769,6
f4770,3
f4771,3
f4772,7
f4773,2
f4774,9
f4775,1
f4776,5
f4777,5
f4778,3
f4779,7
f4780,6
f4781,5
f4782,3
f4783,6
f4784,0
f4785,9
f4786,0
f4787,1
f4788,2
f4789,7
f4790,1
f4791,0
f4792,8
f4793,5
f4794,1
f4795,1
f4796,6
f4797,6
f4798,1
f4799,3
f4800,8
f4801,8
f4802,1
f4803,7
f4804,1
f4805,7
f4806,9
f4807,7
f4808,1
f4809,3
f4810,6
f4811,5
f4812,5
f4813,0
f4814,3
f4815,6
f4816,8
f4817,0
f4818,1
f4819,3
f4820,8
f4821,7
f4822,5
f4823,5
f4824,9
f4825,3
f4826,8
f4827,3
f4828,6
f4829,8
f4830,7
f4831,5
f4832,8
f4833,0
f4834,2
f4835,5
f4836,1
f4837,6
f4838,2
f4839,7
f4840,4
f4841,4
f4842,3
f4843,9
f4844,7
f4845,3
f4846,9
f4847,1
f4848,6
f4849,0
f4850,4
f4851,4
f4852,8
f4853,6
f4854,5
f4855,2
f4856,3
f4857,1
f4858,3
f4859,2
f4860,8
f4861,4
f4862,7
f4863,2
f4864,8
f4865,9
f4866,2
f4867,8
f4868,2
f4869,4
f4870,8
f4871,4
f4872,9
f4873,4
f4874,1
f4875,0
f4876,5
f4877,9
f4878,8
f4879,1
f4880,7
f4881,1
f4882,5
f4883,9
f4884,1
f4885,6
f4886,3
f4887,7
f4888,6
f4889,0
f4890,9
f4891,5
f4892,3
f4893,6
f4894,5
f4895,6
f4896,5
f4897,1
f4898,3
f4899,2
f4900,1
f4901,3
f4902,2
f4903,3
f4904,8
f4905,3
f4906,5
f4907,7
f4908,2
f4909,0
f4910,4
f4911,3
f4912,1
f4913,2
f4914,9
f4915,6
f4916,3
f4917,7
f4918,0
f4919,8
f4920,1
f4921,3
f4922,6
f4923,4
f4924,8
f4925,4
f4926,3
f4927,5
f4928,7
f4929,7
f4930,0
f4931,1
f4932,1
f4933,8
f4934,1
f4935,5
f4936,6
f4937,5
f4938,2
f4939,3
f4940,2
f4941,5
f4942,1
f4943,3
f4944,3
f4945,4
f4946,6
f4947,4
f4948,1
f4949,1
f4950,8
f4951,1
f4952,6
f4953,8
f4954,1
f4955,2
f4956,4
f4957,8
f4958,0
f4959,3
f4960,4
f4961,9
f4962,4
f4963,2
f4964,0
f4965,3
f4966,0
f4967,3
f4968,7
f4969,7
f4970,8
f4971,7
f4972,7
f4973,2
f4974,8
f4975,3
f4976,8
f4977,3
f4978,6
f4979,7
f4980,7
f4981,3
f4982,6
f4983,7
f4984,0
f4985,9
f4986,1
f4987,3
f4988,0
f4989,2
f4990,8
f4991,7
f4992,1
f4993,4
f4994,0
f4995,7
f4996,2
f4997,5
f4998,8
f4999,7
f5000,9
f5001,8
f5002,7
f5003,2
f5004,6
f5005,3
f5006,1
f5007,2
f5008,6
f5009,6
f5010,6
f5011,6
f5012,4
f5013,8
f5014,1
f5015,0
f5016,7
f5017,6
f5018,2
f5019,0
f5020,3
f5021,6
f5022,6
f5023,1
f5024,2
f5025,2
f5026,1
f5027,4
f5028,0
f5029,1
f5030,7
f5031,2
f5032,9
f5033,7
f5034,7
f5035,3
f5036,2
f5037,3
f5038,0
f5039,8
f5040,6
f5041,8
f5042,9
f5043,1
f5044,9
f5045,7
f5046,3
f5047,7
f5048,4
f5049,7
f5050,4
f5051,7
f5052,8
f5053,4
f5054,3
f5055,0
f5056,6
f5057,7
f5058,4
f5059,3
f5060,9
f5061,1
f5062,5
f5063,0
f5064,8
f5065,6
f5066,2
f5067,7
f5068,1
f5069,2
f5070,3
f5071,9
f5072,3
f5073,4
f5074,0
f5075,8
f5076,7
f5077,7
f5078,0
f5079,4
f5080,1
f5081,2
f5082,1
f5083,6
f5084,2
f5085,8
f5086,4
f5087,4
f5088,3
f5089,9
f5090,1
f5091,2
f5092,0
f5093,1
f5094,4
f5095,6
f5096,5
f5097,1
f5098,4
f5099,4
f5100,9
f5101,4
f5102,8
f5103,0
f5104,6
f5105,3
f5106,5
f5107,2
f5108,1
f5109,7
f5110,8
f5111,5
f5112,1
f5113,6
f5114,8
f5115,7
f5116,6
f5117,5
f5118,7
f5119,9
f5120,2
f5121,9
f5122,9
f5123,8
f5124,1
f5125,6
f5126,4
f5127,9
f5128,7
f5129,8
f5130,5
f5131,8
f5132,6
f5133,0
f5134,5
f5135,7
f5136,9
f5137,3
f5138,8
f5139,3
f5140,0
f5141,8
f5142,5
f5143,5
f5144,6
f5145,9
f5146,7
f5147,1
f5148,3
f5149,8
f5150,1
f5151,8
f5152,9
f5153,3
f5154,0
f5155,0
f5156,9
f5157,2
f5158,9
f5159,8
f5160,8
f5161,1
f5162,5
f5163,0
f5164,2
f5165,2
f5166,4
f5167,9
f5168,1
f5169,5
f5170,6
f5171,2
f5172,1
f5173,3
f5174,3
f5175,5
f5176,4
f5177,2
f5178,9
f5179,1
f5180,0
f5181,7
f5182,4
f5183,7
f5184,6
f5185,7
f5186,5
f5187,2
f5188,9
f5189,5
f5190,3
f5191,4
f5192,3
f5193,2
f5194,8
f5195,5
f5196,5
f5197,0
f5198,2
f5199,7
f5200,1
f5201,7
f5202,1
f5203,7
f5204,2
f5205,4
f5206,9
f5207,2
f5208,0
f5209,2
f5210,9
f5211,8
f5212,7
f5213,4
f5214,9
f5215,7
f5216,7
f5217,6
f5218,3
f5219,3
f5220,8
f5221,2
f5222,5
f5223,9
f5224,8
f5225,7
f5226,1
f5227,6
f5228,5
f5229,1
f5230,1
f5231,4
f5232,7
f5233,8
f5234,5
f5235,2
f5236,8
f5237,9
f5238,2
f5239,5
f5240,1
f5241,3
f5242,2
f5243,9
f5244,3
f5245,9
f5246,3
f5247,9
f5248,5
f5249,1
f5250,7
f5251,5
f5252,6
f5253,6
f5254,7
f5255,2
f5256,3
f5257,1
f5258,4
f5259,1
f5260,8
f5261,2
f5262,3
f5263,2
f5264,1
f5265,9
f5266,1
f5267,1
f5268,7
f5269,6
f5270,5
f5271,7
f5272,7
f5273,9
f5274,5
f5275,7
f5276,1
f5277,6
f5278,4
f5279,1
f5280,8
f5281,2
f5282,1
f5283,1
f5284,8
f5285,3
f5286,8
f5287,7
f5288,3
f5289,2
f5290,5
f5291,7
f5292,0
f5293,7
f5294,0
f5295,8
f5296,1
f5297,5
f5298,1
f5299,7
f5300,0
f5301,1
f5302,7
f5303,9
f5304,7
f5305,3
f5306,9
f5307,0
f5308,2
f5309,2
f5310,6
f5311,3
f5312,1
f5313,0
f5314,1
f5315,4
f5316,2
f5317,4
f5318,6
f5319,2
f5320,2
f5321,6
f5322,5
f5323,2
f5324,8
f5325,4
f5326,0
f5327,9
f5328,8
f5329,6
f5330,0
f5331,6
f5332,2
f5333,7
f5334,9
f5335,6
f5336,6
f5337,6
f5338,0
f5339,6
f5340,2
f5341,8
f5342,4
f5343,2
f5344,9
f5345,2
f5346,1
f5347,7
f5348,1
f5349,5
f5350,2
f5351,6
f5352,0
f5353,6
f5354,4
f5355,0
f5356,8
f5357,9
f5358,0
f5359,5
f5360,5
f5361,9
f5362,6
f5363,7
f5364,0
f5365,4
f5366,9
f5367,7
f5368,3
f5369,9
f5370,4
f5371,8
f5372,1
f5373,4
f5374,1
f5375,4
f5376,2
f5377,2
f5378,9
f5379,2
f5380,9
f5381,4
f5382,8
f5383,4
f5384,3
f5385,3
f5386,3
f5387,1
f5388,9
f5389,6
f5390,2
f5391,2
f5392,6
f5393,4
f5394,9
f5395,9
f5396,0
f5397,8
f5398,0
f5399,1
f5400,0
f5401,5
f5402,4
f5403,3
f5404,4
f5405,4
f5406,4
f5407,4
f5408,4
f5409,0
f5410,7
f5411,2
f5412,3
f5413,9
f5414,4
f5415,3
f5416,2
f5417,7
f5418,6
f5419,6
f5420,6
f5421,8
f5422,3
f5423,0
f5424,5
f5425,3
f5426,1
f5427,6
f5428,1
f5429,5
f5430,2
f5431,7
f5432,0
f5433,9
f5434,8
f5435,4
f5436,3
f5437,9
f5438,8
f5439,4
f5440,9
f5441,7
f5442,9
f5443,9
f5444,7
f5445,6
f5446,8
f5447,2
f5448,9
f5449,2
f5450,5
f5451,3
f5452,4
f5453,5
f5454,5
f5455,4
f5456,7
f5457,2
f5458,8
f5459,4
f5460,0
f5461,0
f5462,8
f5463,2
f5464,5
f5465,8
f5466,4
f5467,7
f5468,8
f5469,9
f5470,5
f5471,5
f5472,8
f5473,2
f5474,2
f5475,4
f5476,5
f5477,2
f5478,9
f5479,4
f5480,9
f5481,0
f5482,7
f5483,0
f5484,3
f5485,4
f5486,0
f5487,9
f5488,6
f5489,0
f5490,6
f5491,8
f5492,4
f5493,3
f5494,1
f5495,7
f5496,9
f5497,5
f5498,6
f5499,4
f5500,4
f5501,1
f5502,6
f5503,1
f5504,4
f5505,6
f5506,9
f5507,5
f5508,0
f5509,6
f5510,3
f5511,0
f5512,2
f5513,9
f5514,8
f5515,2
f5516,7
f5517,8
f5518,6
f5519,8
f5520,9
f5521,3
f5522,7
f5523,5
f5524,8
f5525,6
f5526,1
f5527,4
f5528,0
f5529,1
f5530,6
f5531,7
f5532,6
f5533,7
f5534,0
f5535,1
f5536,4
f5537,3
f5538,5
f5539,4
f5540,6
f5541,2
f5542,2
f5543,8
f5544,6
f5545,4
f5546,1
f5547,6
f5548,2
f5549,6
f5550,3
f5551,7
f5552,3
f5553,3
f5554,8
f5555,3
f5556,4
f5557,9
f5558,2
f5559,7
f5560,9
f5561,0
f5562,7
f5563,7
f5564,9
f5565,1
f5566,1
f5567,5
f5568,4
f5569,5
f5570,3
f5571,9
f5572,2
f5573,5
f5574,5
f5575,6
f5576,7
f5577,9
f5578,0
f5579,4
f5580,0
f5581,2
f5582,2
f5583,9
f5584,8
f5585,4
f5586,9
f5587,9
f5588,3
f5589,7
f5590,9
f5591,9
f5592,0
f5593,4
f5594,5
f5595,0
f5596,0
f5597,4
f5598,8
f5599,9
f5600,6
f5601,7
f5602,8
f5603,4
f5604,4
f5605,8
f5606,0
f5607,8
f5608,8
f5609,5
f5610,3
f5611,7
f5612,2
f5613,9
f5614,3
f5615,9
f5616,8
f5617,3
f5618,3
f5619,9
f5620,9
f5621,3
f5622,7
f5623,8
f5624,2
f5625,4
f5626,9
f5627,9
f5628,4
f5629,4
f5630,4
f5631,3
f5632,6
f5633,0
f5634,2
f5635,3
f5636,3
f5637,0
f5638,2
f5639,8
f5640,2
f5641,0
f5642,0
f5643,1
f5644,0
f5645,7
f5646,3
f5647,2
f5648,3
f5649,2
f5650,7
f5651,1
f5652,6
f5653,9
f5654,7
f5655,7
f5656,8
f5657,4
f5658,4
f5659,4
f5660,4
f5661,6
f5662,7
f5663,3
f5664,0
f5665,5
f5666,5
f5667,5
f5668,4
f5669,8
f5670,6
f5671,1
f5672,1
f5673,1
f5674,7
f5675,8
f5676,7
f5677,1
f5678,1
f5679,3
f5680,3
f5681,8
f5682,0
f5683,6
f5684,0
f5685,2
f5686,3
f5687,8
f5688,4
f5689,0
f5690,9
f5691,7
f5692,2
f5693,8
f5694,5
f5695,4
f5696,5
f5697,3
f5698,2
f5699,5
f5700,1
f5701,3
f5702,9
f5703,4
f5704,2
f5705,0
f5706,0
f5707,3
f5708,4
f5709,9
f5710,6
f5711,5
f5712,4
f5713,2
f5714,3
f5715,7
f5716,4
f5717,9
f5718,3
f5719,4
f5720,1
f5721,8
f5722,0
f5723,8
f5724,7
f5725,1
f5726,8
f5727,9
f5728,0
f5729,4
f5730,7
f5731,1
f5732,9
f5733,0
f5734,3
f5735,3
f5736,4
f5737,6
f5738,3
f5739,0
f5740,3
f5741,4
f5742,1
f5743,5
f5744,8
f5745,8
f5746,9
f5747,8
f5748,8
f5749,3
f5750,6
f5751,0
f5752,6
f5753,9
f5754,0
f5755,4
f5756,0
f5757,0
f5758,3
f5759,7
f5760,5
f5761,0
f5762,6
f5763,8
f5764,9
f5765,0
f5766,3
f5767,5
f5768,4
f5769,2
f5770,1
f5771,7
f5772,1
f5773,8
f5774,6
f5775,7
f5776,5
f5777,6
f5778,4
f5779,7
f5780,7
f5781,3
f5782,3
f5783,7
f5784,6
f5785,9
f5786,2
f5787,7
f5788,8
f5789,0
f5790,7
f5791,2
f5792,0
f5793,6
f5794,1
f5795,8
f5796,6
f5797,2
f5798,7
f5799,3
f5800,2
f5801,7
f5802,3
f5803,4
f5804,1
f5805,2
f5806,0
f5807,9
f5808,5
f5809,1
f5810,5
f5811,3
f5812,2
f5813,9
f5814,0
f5815,1
f5816,0
f5817,3
f5818,6
f5819,8
f5820,0
f5821,3
f5822,8
f5823,7
f5824,3
f5825,1
f5826,4
f5827,9
f5828,9
f5829,6
f5830,8
f5831,7
f5832,8
f5833,4
f5834,7
f5835,3
f5836,4
f5837,8
f5838,1
f5839,3
f5840,2
f5841,2
f5842,2
f5843,5
f5844,1
f5845,7
f5846,9
f5847,7
f5848,2
f5849,9
f5850,8
f5851,0
f5852,0
f5853,5
f5854,2
f5855,0
f5856,5
f5857,8
f5858,1
f5859,4
f5860,7
f5861,7
f5862,6
f5863,6
f5864,5
f5865,4
f5866,0
f5867,6
f5868,3
f5869,3
f5870,9
f5871,8
f5872,1
f5873,0
f5874,1
f5875,9
f5876,7
f5877,7
f5878,1
f5879,9
f5880,1
f5881,3
f5882,6
f5883,2
f5884,9
f5885,3
f5886,0
f5887,0
f5888,1
f5889,7
f5890,9
f5891,3
f5892,1
f5893,9
f5894,2
f5895,2
f5896,0
f5897,8
f5898,7
f5899,9
f5900,6
f5901,2
f5902,6
f5903,7
f5904,7
f5905,7
f5906,5
f5907,1
f5908,9
f5909,2
f5910,2
f5911,8
f5912,2
f5913,9
f5914,1
f5915,7
f5916,4
f5917,3
f5918,6
f5919,8
f5920,6
f5921,1
f5922,6
f5923,7
f5924,5
f5925,4
f5926,6
f5927,6
f5928,1
f5929,2
f5930,6
f5931,1
f5932,5
f5933,9
f5934,9
f5935,6
f5936,6
f5937,0
f5938,2
f5939,0
f5940,6
f5941,9
f5942,0
f5943,6
f5944,7
f5945,7
f5946,7
f5947,8
f5948,1
f5949,7
f5950,5
f5951,2
f5952,3
f5953,7
f5954,6
f5955,3
f5956,2
f5957,3
f5958,9
f5959,4
f5960,3
f5961,8
f5962,3
f5963,7
f5964,7
f5965,8
f5966,3
f5967,3
f5968,0
f5969,2
f5970,0
f5971,2
f5972,0
f5973,8
f5974,7
f5975,0
f5976,5
f5977,7
f5978,0
f5979,8
f5980,2
f5981,7
f5982,9
f5983,3
f5984,5
f5985,6
f5986,5
f5987,1
f5988,7
f5989,3
f5990,2
f5991,2
f5992,9
f5993,5
f5994,1
f5995,2
f5996,2
f5997,7
f5998,6
f5999,0
f6000,0
f6001,1
f6002,6
f6003,4
f6004,2
f6005,9
f6006,7
f6007,7
f6008,4
f6009,6
f6010,7
f6011,9
f6012,4
f6013,2
f6014,9
f6015,5
f6016,3
f6017,5
f6018,2
f6019,5
f6020,7
f6021,1
f6022,7
f6023,4
f6024,1
f6025,0
f6026,3
f6027,5
f6028,8
f6029,4
f6030,6
f6031,3
f6032,6
f6033,6
f6034,6
f6035,4
f6036,3
f6037,9
f6038,6
f6039,4
f6040,0
f6041,4
f6042,3
f6043,9
f6044,3
f6045,4
f6046,5
f6047,0
f6048,0
f6049,0
f6050,3
f6051,8
f6052,0
f6053,7
f6054,3
f6055,6
f6056,9
f6057,3
f6058,8
f6059,6
f6060,2
f6061,0
f6062,2
f6063,1
f6064,8
f6065,9
f6066,7
f6067,1
f6068,2
f6069,1
f6070,7
f6071,5
f6072,1
f6073,2
f6074,3
f6075,6
f6076,5
f6077,0
f6078,2
f6079,6
f6080,0
f6081,6
f6082,5
f6083,8
f6084,9
f6085,2
f6086,8
f6087,0
f6088,2
f6089,1
f6090,0
f6091,4
f6092,9
f6093,0
f6094,4
f6095,3
f6096,7
f6097,4
f6098,1
f6099,6
f6100,7
f6101,2
f6102,5
f6103,6
f6104,6
f6105,5
f6106,2
f6107,9
f6108,3
f6109,2
f6110,7
f6111,0
f6112,8
f6113,4
f6114,9
f6115,9
f6116,6
f6117,1
f6118,6
f6119,0
f6120,7
f6121,9
f6122,7
f6123,8
f6124,6
f6125,8
f6126,9
f6127,4
f6128,5
f6129,2
f6130,3
f6131,8
f6132,5
f6133,0
f6134,2
f6135,7
f6136,5
f6137,4
f6138,0
f6139,1
f6140,0
f6141,0
f6142,2
f6143,5
f6144,1
f6145,9
f6146,2
f6147,1
f6148,5
f6149,6
f6150,5
f6151,3
f6152,3
f6153,3
f6154,9
f6155,2
f6156,0
f6157,4
f6158,1
f6159,1
f6160,2
f6161,6
f6162,8
f6163,9
f6164,3
f6165,7
f6166,9
f6167,9
f6168,7
f6169,6
f6170,3
f6171,3
f6172,0
f6173,8
f6174,0
f6175,7
f6176,4
f6177,0
f6178,3
f6179,7
f6180,0
f6181,9
f6182,1
f6183,7
f6184,8
f6185,2
f6186,0
f6187,1
f6188,2
f6189,1
f6190,6
f6191,8
f6192,3
f6193,7
f6194,5
f6195,2
f6196,1
f6197,7
f6198,2
f6199,8
f6200,6
f6201,7
f6202,9
f6203,9
f6204,2
f6205,5
f6206,3
f6207,1
f6208,8
f6209,9
f6210,6
f6211,5
f6212,6
f6213,9
f6214,8
f6215,8
f6216,9
f6217,4
f6218,1
f6219,2
f6220,5
f6221,1
f6222,1
f6223,8
f6224,2
f6225,1
f6226,2
f6227,4
f6228,2
f6229,0
f6230,4
f6231,0
f6232,7
f6233,7
f6234,5
f6235,7
f6236,2
f6237,1
f6238,5
f6239,8
f6240,4
f6241,8
f6242,8
f6243,3
f6244,4
f6245,3
f6246,3
f6247,1
f6248,4
f6249,6
f6250,8
f6251,7
f6252,2
f6253,2
f6254,7
f6255,7
f6256,7
f6257,7
f6258,1
f6259,2
f6260,0
f6261,7
f6262,8
f6263,3
f6264,1
f6265,6
f6266,9
f6267,8
f6268,6
f6269,7
f6270,1
f6271,9
f6272,6
f6273,1
f6274,5
f6275,4
f6276,9
f6277,0
f6278,0
f6279,8
f6280,0
f6281,4
f6282,0
f6283,7
f6284,7
f6285,0
f6286,9
f6287,8
f6288,2
f6289,9
f6290,2
f6291,3
f6292,2
f6293,2
f6294,8
f6295,0
f6296,7
f6297,9
f6298,4
f6299,9
f6300,9
f6301,8
f6302,7
f6303,0
f6304,2
f6305,1
f6306,1
f6307,1
f6308,8
f6309,3
f6310,0
f6311,0
f6312,6
f6313,2
f6314,9
f6315,3
f6316,9
f6317,2
f6318,8
f6319,5
f6320,9
f6321,5
f6322,9
f6323,9
f6324,3
f6325,8
f6326,2
f6327,9
f6328,1
f6329,4
f6330,8
f6331,9
f6332,2
f6333,0
f6334,9
f6335,9
f6336,9
f6337,1
f6338,0
f6339,1
f6340,3
f6341,1
f6342,5
f6343,5
f6344,2
f6345,7
f6346,8
f6347,3
f6348,9
f6349,4
f6350,6
f6351,2
f6352,7
f6353,5
f6354,9
f6355,9
f6356,1
f6357,3
f6358,9
f6359,1
f6360,9
f6361,4
f6362,3
f6363,4
f6364,1
f6365,4
f6366,1
f6367,1
f6368,1
f6369,2
f6370,0
f6371,5
f6372,4
f6373,7
f6374,6
f6375,2
f6376,0
f6377,6
f6378,7
f6379,0
f6380,8
f6381,8
f6382,4
f6383,7
f6384,6
f6385,1
f6386,6
f6387,8
f6388,1
f6389,3
f6390,0
f6391,2
f6392,0
f6393,3
f6394,4
f6395,4
f6396,1
f6397,1
f6398,9
f6399,3
f6400,2
f6401,1
f6402,0
f6403,0
f6404,8
f6405,9
f6406,6
f6407,7
f6408,6
f6409,0
f6410,5
f6411,0
f6412,2
f6413,7
f6414,4
f6415,3
f6416,0
f6417,9
f6418,2
f6419,1
f6420,4
f6421,7
f6422,1
f6423,0
f6424,3
f6425,7
f6426,2
f6427,3
f6428,8
f6429,7
f6430,5
f6431,4
f6432,9
f6433,0
f6434,7
f6435,3
f6436,1
f6437,5
f6438,0
f6439,0
f6440,3
f6441,7
f6442,8
f6443,7
f6444,3
f6445,2
f6446,6
f6447,7
f6448,2
f6449,9
f6450,6
f6451,4
f6452,1
f6453,7
f6454,3
f6455,1
f6456,9
f6457,7
f6458,1
f6459,8
f6460,7
f6461,8
f6462,1
f6463,4
f6464,5
f6465,0
f6466,9
f6467,8
f6468,3
f6469,8
f6470,7
f6471,5
f6472,2
f6473,8
f6474,1
f6475,4
f6476,9
f6477,6
f6478,2
f6479,1
f6480,1
f6481,7
f6482,2
f6483,9
f6484,2
f6485,8
f6486,0
f6487,1
f6488,5
f6489,4
f6490,7
f6491,7
f6492,4
f6493,9
f6494,6
f6495,9
f6496,8
f6497,4
f6498,0
f6499,4
f6500,9
f6501,1
f6502,1
f6503,5
f6504,0
f6505,8
f6506,5
f6507,9
f6508,9
f6509,6
f6510,6
f6511,4
f6512,1
f6513,4
f6514,6
f6515,5
f6516,1
f6517,6
f6518,2
f6519,4
f6520,8
f6521,3
f6522,9
f6523,5
f6524,8
f6525,8
f6526,5
f6527,9
f6528,3
f6529,0
f6530,9
f6531,2
f6532,9
f6533,9
f6534,0
f6535,4
f6536,4
f6537,6
f6538,1
f6539,1
f6540,9
f6541,2
f6542,7
f6543,1
f6544,0
f6545,5
f6546,1
f6547,3
f6548,5
f6549,1
f6550,8
f6551,9
f6552,3
f6553,6
f6554,8
f6555,9
f6556,4
f6557,7
f6558,6
f6559,3
f6560,0
f6561,1
f6562,5
f6563,7
f6564,8
f6565,1
f6566,9
f6567,1
f6568,7
f6569,9
f6570,9
f6571,8
f6572,6
f6573,4
f6574,9
f6575,9
f6576,4
f6577,1
f6578,1
f6579,8
f6580,3
f6581,4
f6582,9
f6583,2
f6584,9
f6585,1
f6586,1
f6587,7
f6588,8
f6589,7
f6590,2
f6591,5
f6592,8
f6593,0
f6594,7
f6595,5
f6596,3
f6597,8
f6598,2
f6599,3
f6600,0
f6601,9
f6602,6
f6603,7
f6604,1
f6605,7
f6606,1
f6607,7
f6608,2
f6609,2
f6610,3
f6611,1
f6612,2
f6613,9
f6614,7
f6615,1
f6616,3
f6617,3
f6618,8
f6619,5
f6620,5
f6621,9
f6622,5
f6623,5
f6624,6
f6625,7
f6626,3
f6627,6
f6628,2
f6629,4
f6630,7
f6631,6
f6632,3
f6633,6
f6634,3
f6635,1
f6636,4
f6637,6
f6638,2
f6639,2
f6640,9
f6641,0
f6642,3
f6643,4
f6644,3
f6645,9
f6646,8
f6647,9
f6648,3
f6649,9
f6650,1
f6651,5
f6652,9
f6653,2
f6654,8
f6655,4
f6656,6
f6657,5
f6658,8
f6659,9
f6660,5
f6661,3
f6662,5
f6663,6
f6664,3
f6665,3
f6666,0
f6667,2
f6668,5
f6669,0
f6670,5
f6671,3
f6672,5
f6673,6
f6674,8
f6675,7
f6676,0
f6677,7
f6678,6
f6679,9
f6680,5
f6681,8
f6682,2
f6683,1
f6684,5
f6685,9
f6686,7
f6687,4
f6688,2
f6689,0
f6690,6
f6691,9
f6692,4
f6693,9
f6694,8
f6695,7
f6696,3
f6697,2
f6698,5
f6699,1
f6700,7
f6701,3
f6702,4
f6703,3
f6704,9
f6705,0
f6706,8
f6707,1
f6708,1
f6709,3
f6710,1
f6711,0
f6712,5
f6713,6
f6714,8
f6715,9
f6716,0
f6717,2
f6718,0
f6719,1
f6720,0
f6721,2
f6722,1
f6723,0
f6724,1
f6725,8
f6726,7
f6727,0
f6728,8
f6729,6
f6730,0
f6731,9
f6732,2
f6733,2
f6734,3
f6735,0
f6736,0
f6737,3
f6738,4
f6739,4
f6740,7
f6741,7
f6742,3
f6743,1
f6744,7
f6745,1
f6746,1
f6747,7
f6748,6
f6749,1
f6750,1
f6751,3
f6752,5
f6753,4
f6754,5
f6755,2
f6756,3
f6757,4
f6758,7
f6759,8
f6760,7
f6761,1
f6762,6
f6763,8
f6764,7
f6765,4
f6766,6
f6767,5
f6768,0
f6769,3
f6770,1
f6771,1
f6772,3
f6773,1
f6774,1
f6775,7
f6776,3
f6777,7
f6778,8
f6779,7
f6780,4
f6781,1
f6782,4
f6783,2
f6784,2
f6785,3
f6786,1
f6787,7
f6788,8
f6789,5
f6790,8
f6791,0
f6792,1
f6793,0
f6794,4
f6795,8
f6796,8
f6797,7
f6798,9
f6799,9
f6800,2
f6801,9
f6802,8
f6803,9
f6804,6
f6805,4
f6806,9
f6807,1
f6808,4
f6809,5
f6810,1
f6811,3
f6812,6
f6813,3
f6814,8
f6815,6
f6816,5
f6817,3
f6818,9
f6819,0
f6820,6
f6821,1
f6822,3
f6823,7
f6824,5
f6825,6
f6826,2
f6827,2
f6828,5
f6829,6
f6830,0
f6831,0
f6832,5
f6833,3
f6834,6
f6835,4
f6836,1
f6837,5
f6838,7
f6839,9
f6840,1
f6841,8
f6842,7
f6843,7
f6844,4
f6845,6
f6846,6
f6847,8
f6848,6
f6849,9
f6850,4
f6851,8
f6852,4
f6853,0
f6854,2
f6855,5
f6856,2
f6857,8
f6858,4
f6859,3
f6860,4
f6861,5
f6862,1
f6863,9
f6864,4
f6865,4
f6866,1
f6867,9
f6868,3
f6869,1
f6870,8
f6871,0
f6872,4
f6873,3
f6874,8
f6875,7
f6876,4
f6877,6
f6878,6
f6879,1
f6880,9
f6881,4
f6882,5
f6883,4
f6884,9
f6885,3
f6886,4
f6887,3
f6888,9
f6889,7
f6890,1
f6891,7
f6892,3
f6893,5
f6894,4
f6895,2
f6896,9
f6897,7
f6898,5
f6899,0
f6900,7
f6901,8
f6902,7
f6903,0
f6904,4
f6905,9
f6906,5
f6907,1
f6908,6
f6909,9
f6910,2
f6911,1
f6912,7
f6913,7
f6914,7
f6915,3
f6916,0
f6917,7
f6918,2
f6919,4
f6920,2
f6921,9
f6922,1
f6923,8
f6924,1
f6925,3
f6926,5
f6927,7
f6928,5
f6929,3
f6930,6
f6931,2
f6932,0
f6933,8
f6934,4
f6935,3
f6936,8
f6937,0
f6938,6
f6939,6
f6940,5
f6941,4
f6942,3
f6943,1
f6944,7
f6945,4
f6946,2
f6947,5
f6948,7
f6949,1
f6950,1
f6951,1
f6952,4
f6953,7
f6954,3
f6955,5
f6956,1
f6957,9
f6958,5
f6959,0
f6960,9
f6961,3
f6962,1
f6963,7
f6964,8
f6965,9
f6966,6
f6967,1
f6968,2
f6969,8
f6970,8
f6971,3
f6972,4
f6973,2
f6974,7
f6975,7
f6976,6
f6977,5
f6978,7
f6979,4
f6980,1
f6981,9
f6982,2
f6983,9
f6984,1
f6985,0
f6986,0
f6987,0
f6988,7
f6989,5
f6990,0
f6991,7
f6992,0
f6993,0
f6994,7
f6995,5
f6996,8
f6997,2
f6998,5
f6999,3
f7000,9
f7001,4
f7002,7
f7003,4
f7004,0
f7005,9
f7006,5
f7007,2
f7008,0
f7009,9
f7010,3
f7011,8
f7012,7
f7013,1
f7014,0
f7015,0
f7016,2
f7017,3
f7018,3
f7019,2
f7020,5
f7021,2
f7022,5
f7023,2
f7024,6
f7025,2
f7026,0
f7027,7
f7028,5
f7029,3
f7030,7
f7031,7
f7032,4
f7033,2
f7034,8
f7035,0
f7036,3
f7037,8
f7038,1
f7039,8
f7040,5
f7041,4
f7042,9
f7043,2
f7044,7
f7045,9
f7046,6
f7047,6
f7048,1
f7049,6
f7050,2
f7051,7
f7052,6
f7053,4
f7054,9
f7055,6
f7056,0
f7057,0
f7058,8
f7059,2
f7060,9
f7061,7
f7062,1
f7063,4
f7064,7
f7065,6
f7066,8
f7067,5
f7068,5
f7069,4
f7070,6
f7071,2
f7072,3
f7073,9
f7074,9
f7075,6
f7076,8
f7077,9
f7078,1
f7079,8
f7080,4
f7081,9
f7082,0
f7083,5
f7084,1
f7085,1
f7086,7
f7087,8
f7088,3
f7089,5
f7090,9
f7091,5
f7092,7
f7093,0
f7094,7
f7095,5
f7096,9
f7097,6
f7098,5
f7099,6
f7100,5
f7101,4
f7102,3
f7103,8
f7104,4
f7105,3
f7106,3
f7107,4
f7108,9
f7109,4
f7110,0
f7111,4
f7112,6
f7113,1
f7114,4
f7115,1
f7116,3
f7117,4
f7118,7
f7119,3
f7120,1
f7121,5
f7122,5
f7123,9
f7124,3
f7125,3
f7126,9
f7127,1
f7128,2
f7129,2
f7130,0
f7131,3
f7132,7
f7133,6
f7134,3
f7135,4
f7136,6
f7137,3
f7138,5
f7139,9
f7140,5
f7141,0
f7142,4
f7143,3
f7144,3
f7145,0
f7146,6
f7147,5
f7148,9
f7149,8
f7150,1
f7151,0
f7152,2
f7153,8
f7154,6
f7155,4
f7156,5
f7157,3
f7158,6
f7159,1
f7160,6
f7161,8
f7162,1
f7163,2
f7164,2
f7165,8
f7166,5
f7167,0
f7168,0
f7169,5
f7170,2
f7171,9
f7172,6
f7173,0
f7174,1
f7175,3
f7176,0
f7177,2
f7178,1
f7179,9
f7180,0
f7181,9
f7182,5
f7183,1
f7184,3
f7185,0
f7186,0
f7187,9
f7188,8
f7189,8
f7190,3
f7191,0
f7192,7
f7193,7
f7194,1
f7195,6
f7196,1
f7197,9
f7198,2
f7199,6
f7200,0
f7201,3
f7202,9
f7203,8
f7204,9
f7205,4
f7206,1
f7207,0
f7208,1
f7209,1
f7210,2
f7211,1
f7212,5
f7213,0
f7214,3
f7215,1
f7216,3
f7217,1
f7218,6
f7219,6
f7220,3
f7221,2
f7222,4
f7223,4
f7224,2
f7225,2
f7226,7
f7227,8
f7228,8
f7229,4
f7230,9
f7231,1
f7232,4
f7233,5
f7234,1
f7235,6
f7236,7
f7237,1
f7238,8
f7239,0
f7240,7
f7241,3
f7242,3
f7243,1
f7244,6
f7245,2
f7246,9
f7247,3
f7248,7
f7249,2
f7250,0
f7251,3
f7252,4
f7253,0
f7254,4
f7255,6
f7256,6
f7257,0
f7258,6
f7259,4
f7260,5
f7261,1
f7262,7
f7263,0
f7264,8
f7265,2
f7266,3
f7267,9
f7268,7
f7269,0
f7270,6
f7271,9
f7272,7
f7273,3
f7274,7
f7275,6
f7276,0
f7277,1
f7278,7
f7279,8
f7280,9
f7281,4
f7282,9
f7283,1
f7284,0
f7285,8
f7286,8
f7287,1
f7288,2
f7289,5
f7290,3
f7291,3
f7292,7
f7293,7
f7294,4
f7295,8
f7296,8
f7297,8
f7298,0
f7299,1
f7300,5
f7301,4
f7302,5
f7303,1
f7304,9
f7305,3
f7306,2
f7307,7
f7308,6
f7309,8
f7310,2
f7311,9
f7312,0
f7313,1
f7314,3
f7315,9
f7316,2
f7317,4
f7318,0
f7319,0
f7320,9
f7321,7
f7322,7
f7323,3
f7324,2
f7325,4
f7326,1
f7327,5
f7328,9
f7329,5
f7330,3
f7331,4
f7332,4
f7333,7
f7334,9
f7335,3
f7336,3
f7337,6
f7338,4
f7339,1
f7340,5
f7341,4
f7342,4
f7343,1
f7344,5
f7345,8
f7346,2
f7347,3
f7348,2
f7349,7
f7350,6
f7351,1
f7352,5
f7353,3
f7354,2
f7355,6
f7356,5
f7357,7
f7358,7
f7359,8
f7360,8
f7361,1
f7362,1
f7363,1
f7364,0
f7365,6
f7366,3
f7367,2
f7368,8
f7369,4
f7370,0
f7371,3
f7372,1
f7373,3
f7374,0
f7375,2
f7376,9
f7377,1
f7378,5
f7379,1
f7380,4
f7381,0
f7382,5
f7383,5
f7384,6
f7385,4
f7386,0
f7387,6
f7388,1
f7389,8
f7390,1
f7391,0
f7392,1
f7393,8
f7394,2
f7395,0
f7396,3
f7397,7
f7398,0
f7399,5
f7400,0
f7401,1
f7402,7
f7403,0
f7404,0
f7405,8
f7406,1
f7407,4
f7408,2
f7409,5
f7410,6
f7411,8
f7412,5
f7413,6
f7414,4
f7415,9
f7416,5
f7417,8
f7418,9
f7419,8
f7420,9
f7421,9
f7422,8
f7423,4
f7424,6
f7425,9
f7426,2
f7427,3
f7428,4
f7429,2
f7430,2
f7431,1
f7432,0
f7433,8
f7434,1
f7435,0
f7436,6
f7437,5
f7438,9
f7439,6
f7440,3
f7441,5
f7442,3
f7443,3
f7444,0
f7445,1
f7446,0
f7447,6
f7448,9
f7449,0
f7450,0
f7451,4
f7452,7
f7453,2
f7454,8
f7455,7
f7456,5
f7457,3
f7458,0
f7459,5
f7460,0
f7461,0
f7462,6
f7463,8
f7464,1
f7465,9
f7466,9
f7467,4
f7468,6
f7469,2
f7470,6
f7471,8
f7472,5
f7473,0
f7474,5
f7475,8
f7476,2
f7477,5
f7478,4
f7479,9
f7480,1
f7481,4
f7482,7
f7483,6
f7484,5
f7485,3
f7486,3
f7487,4
f7488,7
f7489,4
f7490,2
f7491,4
f7492,5
f7493,1
f7494,4
f7495,9
f7496,0
f7497,6
f7498,4
f7499,6
f7500,0
f7501,6
f7502,0
f7503,3
f7504,5
f7505,4
f7506,0
f7507,4
f7508,4
f7509,0
f7510,4
f7511,2
f7512,8
f7513,6
f7514,4
f7515,3
f7516,3
f7517,9
f7518,3
f7519,6
f7520,3
f7521,4
f7522,4
f7523,2
f7524,1
f7525,1
f7526,7
f7527,1
f7528,2
f7529,7
f7530,8
f7531,0
f7532,7
f7533,3
f7534,0
f7535,4
f7536,0
f7537,0
f7538,2
f7539,3
f7540,0
f7541,6
f7542,1
f7543,1
f7544,8
f7545,9
f7546,4
f7547,3
f7548,8
f7549,6
f7550,7
f7551,3
f7552,2
f7553,3
f7554,9
f7555,8
f7556,4
f7557,1
f7558,0
f7559,1
f7560,6
f7561,8
f7562,3
f7563,7
f7564,1
f7565,7
f7566,3
f7567,7
f7568,3
f7569,3
f7570,7
f7571,1
f7572,1
f7573,1
f7574,6
f7575,0
f7576,7
f7577,3
f7578,0
f7579,5
f7580,3
f7581,4
f7582,8
f7583,1
f7584,3
f7585,3
f7586,8
f7587,0
f7588,3
f7589,2
f7590,5
f7591,3
f7592,2
f7593,8
f7594,5
f7595,6
f7596,9
f7597,2
f7598,9
f7599,2
f7600,2
f7601,1
f7602,3
f7603,0
f7604,9
f7605,4
f7606,7
f7607,3
f7608,8
f7609,9
f7610,3
f7611,6
f7612,5
f7613,5
f7614,5
f7615,6
f7616,6
f7617,5
f7618,8
f7619,3
f7620,7
f7621,4
f7622,7
f7623,1
f7624,5
f7625,3
f7626,3
f7627,9
f7628,9
f7629,5
f7630,8
f7631,7
f7632,7
f7633,4
f7634,8
f7635,2
f7636,7
f7637,7
f7638,3
f7639,9
f7640,8
f7641,7
f7642,1
f7643,6
f7644,3
f7645,2
f7646,4
f7647,7
f7648,6
f7649,3
f7650,1
f7651,7
f7652,6
f7653,1
f7654,1
f7655,6
f7656,2
f7657,2
f7658,9
f7659,9
f7660,6
f7661,3
f7662,5
f7663,2
f7664,9
f7665,2
f7666,3
f7667,0
f7668,3
f7669,7
f7670,2
f7671,8
f7672,8
f7673,1
f7674,2
f7675,9
f7676,9
f7677,5
f7678,4
f7679,2
f7680,8
f7681,2
f7682,9
f7683,0
f7684,5
f7685,9
f7686,6
f7687,3
f7688,8
f7689,8
f7690,3
f7691,6
f7692,4
f7693,9
f7694,5
f7695,0
f7696,6
f7697,4
f7698,9
f7699,5
f7700,0
f7701,7
f7702,7
f7703,7
f7704,5
f7705,1
f7706,5
f7707,0
f7708,9
f7709,1
f7710,5
f7711,7
f7712,8
f7713,3
f7714,2
f7715,2
f7716,0
f7717,8
f7718,3
f7719,8
f7720,5
f7721,8
f7722,1
f7723,1
f7724,5
f7725,3
f7726,7
f7727,4
f7728,7
f7729,7
f7730,3
f7731,9
f7732,8
f7733,9
f7734,4
f7735,8
f7736,8
f7737,0
f7738,4
f7739,1
f7740,8
f7741,2
f7742,6
f7743,9
f7744,7
f7745,3
f7746,6
f7747,3
f7748,2
f7749,3
f7750,7
f7751,0
f7752,7
f7753,9
f7754,7
f7755,6
f7756,6
f7757,4
f7758,7
f7759,0
f7760,1
f7761,8
f7762,8
f7763,7
f7764,0
f7765,9
f7766,6
f7767,6
f7768,3
f7769,1
f7770,4
f7771,5
f7772,0
f7773,2
f7774,0
f7775,9
f7776,9
f7777,6
f7778,5
f7779,1
f7780,4
f7781,7
f7782,3
f7783,3
f7784,7
f7785,9
f7786,7
f7787,1
f7788,3
f7789,5
f7790,1
f7791,4
f7792,4
f7793,0
f7794,7
f7795,1
f7796,3
f7797,2
f7798,1
f7799,7
f7800,4
f7801,5
f7802,4
f7803,8
f7804,4
f7805,3
f7806,6
f7807,5
f7808,8
f7809,6
f7810,5
f7811,7
f7812,1
f7813,9
f7814,7
f7815,5
f7816,8
f7817,0
f7818,9
f7819,2
f7820,4
f7821,8
f7822,3
f7823,6
f7824,7
f7825,9
f7826,4
f7827,1
f7828,1
f7829,2
f7830,0
f7831,4
f7832,1
f7833,8
f7834,6
f7835,4
f7836,5
f7837,6
f7838,8
f7839,7
f7840,7
f7841,9
f7842,1
f7843,8
f7844,0
f7845,1
f7846,9
f7847,6
f7848,4
f7849,8
f7850,1
f7851,9
f7852,4
f7853,4
f7854,3
f7855,5
f7856,2
f7857,4
f7858,3
f7859,1
f7860,0
f7861,8
f7862,3
f7863,1
f7864,3
f7865,1
f7866,3
f7867,6
f7868,0
f7869,9
f7870,8
f7871,7
f7872,0
f7873,2
f7874,9
f7875,3
f7876,7
f7877,2
f7878,7
f7879,9
f7880,8
f7881,9
f7882,7
f7883,3
f7884,7
f7885,9
f7886,4
f7887,9
f7888,7
f7889,3
f7890,6
f7891,6
f7892,4
f7893,3
f7894,5
f7895,7
f7896,1
f7897,3
f7898,5
f7899,3
f7900,7
f7901,6
f7902,5
f7903,6
f7904,4
f7905,4
f7906,6
f7907,1
f7908,8
f7909,2
f7910,2
f7911,2
f7912,2
f7913,4
f7914,1
f7915,0
f7916,4
f7917,0
f7918,1
f7919,4
f7920,8
f7921,4
f7922,1
f7923,6
f7924,9
f7925,1
f7926,8
f7927,2
f7928,4
f7929,4
f7930,6
f7931,0
f7932,6
f7933,5
f7934,0
f7935,5
f7936,9
f7937,1
f7938,1
f7939,9
f7940,5
f7941,2
f7942,0
f7943,5
f7944,9
f7945,6
f7946,0
f7947,4
f7948,0
f7949,4
f7950,2
f7951,8
f7952,0
f7953,7
f7954,6
f7955,5
f7956,1
f7957,5
f7958,6
f7959,8
f7960,1
f7961,6
f7962,4
f7963,0
f7964,8
f7965,8
f7966,8
f7967,1
f7968,7
f7969,7
f7970,2
f7971,7
f7972,7
f7973,8
f7974,6
f7975,5
f7976,7
f7977,9
f7978,1
f7979,4
f7980,5
f7981,0
f7982,4
f7983,7
f7984,8
f7985,5
f7986,1
f7987,6
f7988,2
f7989,5
f7990,3
f7991,5
f7992,9
f7993,8
f7994,1
f7995,5
f7996,5
f7997,0
f7998,2
f7999,2
f8000,3
f8001,8
f8002,6
f8003,6
f8004,4
f8005,8
f8006,4
f8007,2
f8008,3
f8009,6
f8010,9
f8011,9
f8012,5
f8013,1
f8014,6
f8015,2
f8016,7
f8017,8
f8018,3
f8019,9
f8020,2
f8021,3
f8022,4
f8023,6
f8024,7
f8025,2
f8026,4
f8027,1
f8028,9
f8029,1
f8030,2
f8031,2
f8032,1
f8033,2
f8034,3
f8035,0
f8036,1
f8037,2
f8038,8
f8039,3
f8040,3
f8041,2
f8042,5
f8043,5
f8044,4
f8045,7
f8046,6
f8047,7
f8048,7
f8049,9
f8050,1
f8051,1
f8052,9
f8053,1
f8054,5
f8055,2
f8056,0
f8057,7
f8058,3
f8059,0
f8060,2
f8061,6
f8062,9
f8063,0
f8064,8
f8065,6
f8066,4
f8067,0
f8068,8
f8069,2
f8070,4
f8071,8
f8072,0
f8073,5
f8074,4
f8075,8
f8076,9
f8077,1
f8078,3
f8079,5
f8080,8
f8081,4
f8082,9
f8083,3
f8084,3
f8085,2
f8086,2
f8087,6
f8088,7
f8089,7
f8090,0
f8091,2
f8092,5
f8093,2
f8094,0
f8095,2
f8096,5
f8097,4
f8098,2
f8099,9
f8100,2
f8101,0
f8102,2
f8103,6
f8104,7
f8105,3
f8106,4
f8107,8
f8108,0
f8109,3
f8110,5
f8111,2
f8112,4
f8113,9
f8114,2
f8115,1
f8116,6
f8117,5
f8118,6
f8119,5
f8120,7
f8121,1
f8122,3
f8123,3
f8124,9
f8125,7
f8126,0
f8127,7
f8128,3
f8129,3
f8130,3
f8131,3
f8132,2
f8133,4
f8134,9
f8135,3
f8136,4
f8137,8
f8138,8
f8139,6
f8140,1
f8141,6
f8142,2
f8143,2
f8144,1
f8145,0
f8146,5
f8147,8
f8148,1
f8149,1
f8150,7
f8151,9
f8152,9
f8153,3
f8154,6
f8155,0
f8156,7
f8157,4
f8158,3
f8159,6
f8160,8
f8161,7
f8162,8
f8163,9
f8164,2
f8165,9
f8166,4
f8167,3
f8168,2
f8169,2
f8170,3
f8171,9
f8172,5
f8173,9
f8174,4
f8175,5
f8176,0
f8177,3
f8178,1
f8179,5
f8180,1
f8181,9
f8182,4
f8183,7
f8184,9
f8185,6
f8186,4
f8187,2
f8188,1
f8189,8
f8190,4
f8191,3
f8192,2
f8193,6
f8194,6
f8195,9
f8196,4
f8197,2
f8198,5
f8199,8
f8200,5
f8201,0
f8202,8
f8203,3
f8204,0
f8205,3
f8206,0
f8207,9
f8208,3
f8209,7
f8210,4
f8211,0
f8212,9
f8213,8
f8214,5
f8215,5
f8216,1
f8217,1
f8218,7
f8219,6
f8220,3
f8221,9
f8222,1
f8223,5
f8224,0
f8225,9
f8226,9
f8227,0
f8228,6
f8229,6
f8230,7
f8231,6
f8232,4
f8233,9
f8234,0
f8235,4
f8236,0
f8237,6
f8238,9
f8239,7
f8240,1
f8241,8
f8242,0
f8243,0
f8244,3
f8245,1
f8246,1
f8247,1
f8248,1
f8249,4
f8250,0
f8251,3
f8252,8
f8253,2
f8254,5
f8255,3
f8256,6
f8257,8
f8258,1
f8259,2
f8260,5
f8261,9
f8262,4
f8263,7
f8264,9
f8265,7
f8266,0
f8267,7
f8268,4
f8269,1
f8270,8
f8271,3
f8272,3
f8273,7
f8274,2
f8275,0
f8276,2
f8277,1
f8278,6
f8279,2
f8280,7
f8281,6
f8282,3
f8283,9
f8284,1
f8285,3
f8286,5
f8287,8
f8288,1
f8289,4
f8290,0
f8291,6
f8292,3
f8293,6
f8294,8
f8295,9
f8296,0
f8297,8
f8298,8
f8299,6
f8300,7
f8301,4
f8302,9
f8303,2
f8304,2
f8305,1
f8306,0
f8307,9
f8308,0
f8309,3
f8310,0
f8311,9
f8312,9
f8313,8
f8314,7
f8315,2
f8316,6
f8317,4
f8318,5
f8319,2
f8320,6
f8321,5
f8322,0
f8323,3
f8324,7
f8325,0
f8326,6
f8327,4
f8328,9
f8329,8
f8330,6
f8331,7
f8332,9
f8333,5
f8334,1
f8335,2
f8336,8
f8337,9
f8338,6
f8339,0
f8340,4
f8341,0
f8342,3
f8343,4
f8344,5
f8345,4
f8346,6
f8347,2
f8348,2
f8349,3
f8350,7
f8351,9
f8352,0
f8353,2
f8354,5
f8355,6
f8356,6
f8357,0
f8358,3
f8359,9
f8360,4
f8361,4
f8362,7
f8363,3
f8364,3
f8365,6
f8366,3
f8367,9
f8368,2
f8369,9
f8370,5
f8371,6
f8372,6
f8373,3
f8374,7
f8375,7
f8376,0
f8377,8
f8378,6
f8379,7
f8380,8
f8381,6
f8382,4
f8383,7
f8384,4
f8385,1
f8386,7
f8387,4
f8388,8
f8389,4
f8390,6
f8391,5
f8392,4
f8393,1
f8394,6
f8395,7
f8396,8
f8397,0
f8398,6
f8399,4
f8400,5
f8401,5
f8402,0
f8403,9
f8404,4
f8405,1
f8406,7
f8407,4
f8408,2
f8409,2
f8410,3
f8411,0
f8412,7
f8413,9
f8414,2
f8415,4
f8416,7
f8417,5
f8418,3
f8419,4
f8420,1
f8421,4
f8422,6
f8423,4
f8424,1
f8425,3
f8426,6
f8427,3
f8428,4
f8429,2
f8430,8
f8431,5
f8432,3
f8433,9
f8434,2
f8435,7
f8436,5
f8437,8
f8438,1
f8439,9
f8440,6
f8441,1
f8442,5
f8443,8
f8444,5
f8445,2
f8446,5
f8447,3
f8448,2
f8449,9
f8450,3
f8451,2
f8452,1
f8453,3
f8454,3
f8455,8
f8456,2
f8457,0
f8458,0
f8459,7
f8460,6
f8461,0
f8462,9
f8463,2
f8464,0
f8465,3
f8466,6
f8467,7
f8468,2
f8469,5
f8470,8
f8471,3
f8472,3
f8473,0
f8474,5
f8475,3
f8476,2
f8477,9
f8478,9
f8479,0
f8480,0
f8481,9
f8482,0
f8483,5
f8484,8
f8485,1
f8486,1
f8487,3
f8488,0
f8489,5
f8490,8
f8491,5
f8492,8
f8493,6
f8494,7
f8495,4
f8496,4
f8497,7
f8498,0
f8499,5
f8500,8
f8501,4
f8502,9
f8503,1
f8504,6
f8505,2
f8506,4
f8507,9
f8508,8
f8509,1
f8510,6
f8511,7
f8512,8
f8513,4
f8514,4
f8515,4
f8516,0
f8517,7
f8518,6
f8519,6
f8520,4
f8521,0
f8522,5
f8523,8
f8524,4
f8525,5
f8526,5
f8527,0
f8528,2
f8529,9
f8530,6
f8531,8
f8532,8
f8533,7
f8534,9
f8535,7
f8536,7
f8537,9
f8538,4
f8539,8
f8540,5
f8541,1
f8542,2
f8543,9
f8544,8
f8545,4
f8546,2
f8547,3
f8548,7
f8549,0
f8550,9
f8551,0
f8552,3
f8553,2
f8554,8
f8555,8
f8556,2
f8557,5
f8558,8
f8559,1
f8560,1
f8561,7
f8562,9
f8563,0
f8564,8
f8565,2
f8566,3
f8567,8
f8568,8
f8569,0
f8570,1
f8571,9
f8572,2
f8573,6
f8574,5
f8575,0
f8576,1
f8577,7
f8578,5
f8579,4
f8580,9
f8581,9
f8582,4
f8583,2
f8584,9
f8585,1
f8586,2
f8587,6
f8588,7
f8589,5
f8590,0
f8591,1
f8592,6
f8593,0
f8594,6
f8595,8
f8596,7
f8597,1
f8598,0
f8599,9
f8600,1
f8601,4
f8602,3
f8603,4
f8604,3
f8605,8
f8606,5
f8607,8
f8608,7
f8609,0
f8610,5
f8611,4
f8612,3
f8613,0
f8614,5
f8615,8
f8616,1
f8617,9
f8618,0
f8619,1
f8620,7
f8621,9
f8622,6
f8623,4
f8624,6
f8625,8
f8626,3
f8627,5
f8628,9
f8629,1
f8630,1
f8631,7
f8632,1
f8633,7
f8634,4
f8635,3
f8636,3
f8637,2
f8638,6
f8639,7
f8640,4
f8641,5
f8642,8
f8643,7
f8644,0
f8645,0
f8646,7
f8647,3
f8648,6
f8649,7
f8650,2
f8651,5
f8652,0
f8653,0
f8654,3
f8655,3
f8656,1
f8657,8
f8658,3
f8659,7
f8660,0
f8661,3
f8662,2
f8663,1
f8664,7
f8665,6
f8666,7
f8667,7
f8668,4
f8669,5
f8670,3
f8671,3
f8672,4
f8673,2
f8674,1
f8675,4
f8676,1
f8677,1
f8678,6
f8679,9
f8680,5
f8681,7
f8682,5
f8683,5
f8684,2
f8685,7
f8686,2
f8687,0
f8688,9
f8689,1
f8690,6
f8691,7
f8692,2
f8693,0
f8694,6
f8695,5
f8696,7
f8697,1
f8698,4
f8699,3
f8700,3
f8701,0
f8702,2
f8703,1
f8704,5
f8705,2
f8706,4
f8707,9
f8708,7
f8709,0
f8710,1
f8711,5
f8712,6
f8713,9
f8714,2
f8715,1
f8716,0
f8717,1
f8718,7
f8719,6
f8720,2
f8721,4
f8722,6
f8723,1
f8724,6
f8725,1
f8726,1
f8727,1
f8728,8
f8729,4
f8730,3
f8731,3
f8732,8
f8733,9
f8734,0
f8735,1
f8736,2
f8737,7
f8738,5
f8739,0
f8740,3
f8741,2
f8742,7
f8743,9
f8744,0
f8745,9
f8746,1
f8747,4
f8748,5
f8749,3
f8750,9
f8751,1
f8752,7
f8753,4
f8754,3
f8755,7
f8756,7
f8757,3
f8758,0
f8759,7
f8760,0
f8761,1
f8762,7
f8763,7
f8764,5
f8765,8
f8766,9
f8767,3
f8768,0
f8769,6
f8770,1
f8771,6
f8772,9
f8773,8
f8774,9
f8775,9
f8776,0
f8777,4
f8778,8
f8779,4
f8780,8
f8781,1
f8782,2
f8783,0
f8784,0
f8785,9
f8786,6
f8787,3
f8788,6
f8789,2
f8790,8
f8791,8
f8792,3
f8793,5
f8794,5
f8795,4
f8796,1
f8797,6
f8798,7
f8799,3
f8800,9
f8801,5
f8802,1
f8803,7
f8804,8
f8805,4
f8806,4
f8807,0
f8808,3
f8809,8
f8810,6
f8811,1
f8812,7
f8813,5
f8814,8
f8815,2
f8816,2
f8817,9
f8818,8
f8819,2
f8820,6
f8821,2
f8822,3
f8823,1
f8824,6
f8825,0
f8826,2
f8827,3
f8828,0
f8829,5
f8830,9
f8831,7
f8832,5
f8833,4
f8834,1
f8835,3
f8836,2
f8837,0
f8838,0
f8839,4
f8840,9
f8841,9
f8842,5
f8843,5
f8844,6
f8845,4
f8846,1
f8847,2
f8848,5
f8849,1
f8850,7
f8851,0
f8852,4
f8853,8
f8854,5
f8855,0
f8856,7
f8857,4
f8858,0
f8859,9
f8860,4
f8861,9
f8862,9
f8863,0
f8864,6
f8865,1
f8866,8
f8867,1
f8868,2
f8869,9
f8870,7
f8871,9
f8872,7
f8873,7
f8874,7
f8875,7
f8876,6
f8877,3
f8878,9
f8879,5
f8880,9
f8881,4
f8882,6
f8883,6
f8884,0
f8885,9
f8886,4
f8887,6
f8888,8
f8889,8
f8890,4
f8891,1
f8892,6
f8893,4
f8894,7
f8895,8
f8896,6
f8897,3
f8898,4
f8899,7
f8900,5
f8901,9
f8902,1
f8903,5
f8904,0
f8905,2
f8906,4
f8907,1
f8908,4
f8909,3
f8910,4
f8911,4
f8912,1
f8913,9
f8914,4
f8915,1
f8916,6
f8917,5
f8918,5
f8919,7
f8920,8
f8921,0
f8922,4
f8923,3
f8924,8
f8925,4
f8926,6
f8927,1
f8928,3
f8929,1
f8930,0
f8931,5
f8932,1
f8933,9
f8934,5
f8935,3
f8936,9
f8937,8
f8938,5
f8939,1
f8940,3
f8941,0
f8942,3
f8943,1
f8944,0
f8945,2
f8946,7
f8947,6
f8948,9
f8949,2
f8950,6
f8951,7
f8952,2
f8953,3
f8954,5
f8955,4
f8956,3
f8957,1
f8958,4
f8959,9
f8960,6
f8961,4
f8962,7
f8963,1
f8964,0
f8965,0
f8966,6
f8967,6
f8968,7
f8969,8
f8970,4
f8971,2
f8972,4
f8973,2
f8974,7
f8975,6
f8976,2
f8977,2
f8978,9
f8979,8
f8980,6
f8981,4
f8982,5
f8983,6
f8984,5
f8985,1
f8986,8
f8987,0
f8988,2
f8989,8
f8990,3
f8991,0
f8992,8
f8993,4
f8994,9
f8995,0
f8996,7
f8997,9
f8998,9
f8999,0
f9000,9
f9001,7
f9002,3
f9003,6
f9004,6
f9005,6
f9006,1
f9007,9
f9008,7
f9009,5
f9010,1
f9011,4
f9012,6
f9013,6
f9014,6
f9015,2
f9016,1
f9017,8
f9018,2
f9019,7
f9020,9
f9021,3
f9022,1
f9023,1
f9024,9
f9025,2
f9026,2
f9027,1
f9028,6
f9029,8
f9030,5
f9031,1
f9032,7
f9033,2
f9034,6
f9035,6
f9036,0
f9037,1
f9038,9
f9039,1
f9040,4
f9041,0
f9042,9
f9043,0
f9044,5
f9045,5
f9046,9
f9047,9
f9048,3
f9049,2
f9050,8
f9051,0
f9052,3
f9053,4
f9054,7
f9055,4
f9056,5
f9057,8
f9058,8
f9059,2
f9060,4
f9061,1
f9062,4
f9063,4
f9064,7
f9065,8
f9066,2
f9067,5
f9068,5
f9069,9
f9070,4
f9071,3
f9072,6
f9073,5
f9074,7
f9075,9
f9076,6
f9077,3
f9078,0
f9079,3
f9080,3
f9081,3
f9082,2
f9083,3
f9084,0
f9085,1
f9086,4
f9087,0
f9088,2
f9089,8
f9090,1
f9091,2
f9092,5
f9093,9
f9094,7
f9095,8
f9096,0
f9097,7
f9098,2
f9099,0
f9100,0
f9101,5
f9102,4
f9103,2
f9104,7
f9105,1
f9106,7
f9107,1
f9108,3
f9109,8
f9110,8
f9111,7
f9112,5
f9113,3
f9114,7
f9115,4
f9116,4
f9117,6
f9118,0
f9119,8
f9120,1
f9121,0
f9122,0
f9123,6
f9124,4
f9125,4
f9126,6
f9127,3
f9128,2
f9129,8
f9130,3
f9131,0
f9132,6
f9133,7
f9134,8
f9135,3
f9136,8
f9137,7
f9138,5
f9139,3
f9140,1
f9141,1
f9142,9
f9143,2
f9144,4
f9145,9
f9146,5
f9147,7
f9148,8
f9149,3
f9150,0
f9151,9
f9152,4
f9153,6
f9154,2
f9155,8
f9156,5
f9157,1
f9158,1
f9159,5
f9160,2
f9161,7
f9162,5
f9163,2
f9164,0
f9165,7
f9166,2
f9167,0
f9168,0
f9169,3
f9170,8
f9171,9
f9172,3
f9173,0
f9174,3
f9175,9
f9176,0
f9177,0
f9178,2
f9179,0
f9180,7
f9181,7
f9182,4
f9183,9
f9184,7
f9185,8
f9186,8
f9187,5
f9188,1
f9189,2
f9190,1
f9191,2
f9192,8
f9193,6
f9194,5
f9195,7
f9196,5
f9197,6
f9198,6
f9199,4
f9200,0
f9201,0
f9202,6
f9203,1
f9204,6
f9205,0
f9206,7
f9207,8
f9208,9
f9209,6
f9210,8
f9211,1
f9212,2
f9213,8
f9214,7
f9215,4
f9216,7
f9217,5
f9218,7
f9219,6
f9220,5
f9221,2
f9222,3
f9223,9
f9224,0
f9225,8
f9226,0
f9227,2
f9228,6
f9229,1
f9230,6
f9231,7
f9232,2
f9233,6
f9234,1
f9235,0
f9236,6
f9237,2
f9238,2
f9239,9
f9240,7
f9241,3
f9242,1
f9243,7
f9244,7
f9245,3
f9246,2
f9247,1
f9248,3
f9249,1
f9250,0
f9251,0
f9252,7
f9253,6
f9254,6
f9255,7
f9256,9
f9257,5
f9258,4
f9259,5
f9260,7
f9261,4
f9262,0
f9263,3
f9264,6
f9265,6
f9266,7
f9267,6
f9268,5
f9269,6
f9270,6
f9271,0
f9272,5
f9273,8
f9274,3
f9275,4
f9276,2
f9277,0
f9278,1
f9279,4
f9280,9
f9281,1
f9282,9
f9283,0
f9284,0
f9285,3
f9286,3
f9287,5
f9288,3
f9289,0
f9290,2
f9291,5
f9292,9
f9293,0
f9294,4
f9295,1
f9296,8
f9297,5
f9298,3
f9299,6
f9300,9
f9301,3
f9302,3
f9303,6
f9304,4
f9305,6
f9306,1
f9307,4
f9308,3
f9309,4
f9310,6
f9311,9
f9312,2
f9313,2
f9314,0
f9315,1
f9316,8
f9317,2
f9318,7
f9319,1
f9320,6
f9321,9
f9322,4
f9323,4
f9324,4
f9325,2
f9326,0
f9327,7
f9328,8
f9329,2
f9330,8
f9331,9
f9332,5
f9333,2
f9334,3
f9335,4
f9336,0
f9337,5
f9338,8
f9339,8
f9340,1
f9341,6
f9342,0
f9343,6
f9344,9
f9345,2
f9346,6
f9347,6
f9348,5
f9349,9
f9350,2
f9351,6
f9352,9
f9353,9
f9354,3
f9355,3
f9356,2
f9357,5
f9358,0
f9359,1
f9360,0
f9361,4
f9362,4
f9363,0
f9364,5
f9365,1
f9366,8
f9367,1
f9368,2
f9369,5
f9370,6
f9371,5
f9372,2
f9373,9
f9374,3
f9375,1
f9376,6
f9377,6
f9378,3
f9379,8
f9380,7
f9381,3
f9382,3
f9383,7
f9384,7
f9385,9
f9386,5
f9387,9
f9388,4
f9389,1
f9390,2
f9391,7
f9392,2
f9393,4
f9394,5
f9395,3
f9396,5
f9397,5
f9398,8
f9399,4
f9400,1
f9401,5
f9402,2
f9403,1
f9404,2
f9405,1
f9406,5
f9407,8
f9408,1
f9409,4
f9410,2
f9411,1
f9412,6
f9413,0
f9414,2
f9415,7
f9416,5
f9417,9
f9418,9
f9419,5
f9420,7
f9421,3
f9422,9
f9423,9
f9424,4
f9425,6
f9426,6
f9427,8
f9428,0
f9429,2
f9430,9
f9431,6
f9432,1
f9433,8
f9434,2
f9435,2
f9436,6
f9437,8
f9438,5
f9439,7
f9440,1
f9441,7
f9442,0
f9443,2
f9444,2
f9445,3
f9446,1
f9447,3
f9448,4
f9449,8
f9450,9
f9451,6
f9452,3
f9453,6
f9454,8
f9455,0
f9456,1
f9457,4
f9458,2
f9459,1
f9460,4
f9461,4
f9462,7
f9463,2
f9464,9
f9465,0
f9466,7
f9467,3
f9468,5
f9469,8
f9470,2
f9471,5
f9472,9
f9473,6
f9474,1
f9475,3
f9476,2
f9477,6
f9478,2
f9479,0
f9480,2
f9481,9
f9482,1
f9483,1
f9484,8
f9485,4
f9486,2
f9487,0
f9488,7
f9489,7
f9490,9
f9491,7
f9492,6
f9493,0
f9494,6
f9495,8
f9496,0
f9497,2
f9498,3
f9499,9
f9500,9
f9501,8
f9502,8
f9503,1
f9504,0
f9505,1
f9506,2
f9507,7
f9508,9
f9509,1
f9510,7
f9511,7
f9512,8
f9513,6
f9514,3
f9515,8
f9516,8
f9517,4
f9518,0
f9519,7
f9520,4
f9521,4
f9522,3
f9523,3
f9524,5
f9525,9
f9526,7
f9527,2
f9528,3
f9529,2
f9530,6
f9531,8
f9532,7
f9533,0
f9534,1
f9535,6
f9536,9
f9537,2
f9538,1
f9539,2
f9540,3
f9541,6
f9542,9
f9543,5
f9544,8
f9545,7
f9546,0
f9547,3
f9548,6
f9549,9
f9550,3
f9551,3
f9552,9
f9553,1
f9554,3
f9555,7
f9556,9
f9557,7
f9558,1
f9559,5
f9560,6
f9561,8
f9562,7
f9563,3
f9564,2
f9565,0
f9566,8
f9567,2
f9568,0
f9569,3
f9570,6
f9571,0
f9572,7
f9573,2
f9574,7
f9575,3
f9576,1
f9577,3
f9578,4
f9579,5
f9580,3
f9581,1
f9582,4
f9583,4
f9584,8
f9585,5
f9586,2
f9587,0
f9588,7
f9589,2
f9590,9
f9591,8
f9592,7
f9593,1
f9594,3
f9595,9
f9596,5
f9597,5
f9598,8
f9599,3
f9600,0
f9601,8
f9602,2
f9603,2
f9604,9
f9605,1
f9606,8
f9607,1
f9608,9
f9609,8
f9610,1
f9611,2
f9612,9
f9613,7
f9614,5
f9615,8
f9616,5
f9617,4
f9618,8
f9619,4
f9620,4
f9621,8
f9622,3
f9623,3
f9624,6
f9625,0
f9626,0
f9627,8
f9628,2
f9629,2
f9630,7
f9631,8
f9632,9
f9633,9
f9634,6
f9635,0
f9636,0
f9637,5
f9638,8
f9639,2
f9640,1
f9641,5
f9642,2
f9643,9
f9644,2
f9645,9
f9646,9
f9647,2
f9648,3
f9649,0
f9650,4
f9651,0
f9652,0
f9653,8
f9654,3
f9655,8
f9656,6
f9657,3
f9658,9
f9659,0
f9660,2
f9661,1
f9662,1
f9663,4
f9664,0
f9665,8
f9666,3
f9667,8
f9668,3
f9669,0
f9670,0
f9671,8
f9672,7
f9673,5
f9674,6
f9675,1
f9676,9
f9677,1
f9678,8
f9679,0
f9680,8
f9681,6
f9682,6
f9683,6
f9684,3
f9685,5
f9686,5
f9687,6
f9688,0
f9689,5
f9690,2
f9691,8
f9692,6
f9693,1
f9694,3
f9695,2
f9696,9
f9697,8
f9698,6
f9699,8
f9700,1
f9701,1
f9702,8
f9703,2
f9704,2
f9705,8
f9706,3
f9707,3
f9708,4
f9709,0
f9710,5
f9711,1
f9712,3
f9713,1
f9714,6
f9715,1
f9716,7
f9717,9
f9718,6
f9719,2
f9720,6
f9721,4
f9722,7
f9723,9
f9724,7
f9725,5
f9726,7
f9727,7
f9728,5
f9729,3
f9730,7
f9731,6
f9732,4
f9733,9
f9734,4
f9735,8
f9736,3
f9737,8
f9738,6
f9739,4
f9740,3
f9741,4
f9742,8
f9743,2
f9744,7
f9745,3
f9746,0
f9747,3
f9748,0
f9749,6
f9750,6
f9751,3
f9752,9
f9753,9
f9754,7
f9755,3
f9756,3
f9757,4
f9758,5
f9759,5
f9760,2
f9761,1
f9762,7
f9763,2
f9764,8
f9765,4
f9766,1
f9767,7
f9768,9
f9769,9
f9770,0
f9771,3
f9772,0
f9773,3
f9774,3
f9775,7
f9776,9
f9777,3
f9778,8
f9779,3
f9780,9
f9781,0
f9782,5
f9783,1
f9784,0
f9785,4
f9786,8
f9787,4
f9788,0
f9789,4
f9790,9
f9791,6
f9792,6
f9793,6
f9794,9
f9795,8
f9796,5
f9797,6
f9798,9
f9799,6
f9800,5
f9801,4
f9802,9
f9803,4
f9804,8
f9805,1
f9806,1
f9807,4
f9808,5
f9809,1
f9810,6
f9811,6
f9812,7
f9813,6
f9814,3
f9815,6
f9816,6
f9817,4
f9818,5
f9819,8
f9820,5
f9821,6
f9822,5
f9823,7
f9824,4
f9825,5
f9826,7
f9827,7
f9828,3
f9829,9
f9830,0
f9831,2
f9832,1
f9833,3
f9834,8
f9835,7
f9836,4
f9837,5
f9838,9
f9839,2
f9840,0
f9841,4
f9842,4
f9843,2
f9844,3
f9845,3
f9846,3
f9847,3
f9848,8
f9849,9
f9850,1
f9851,5
f9852,2
f9853,1
f9854,5
f9855,7
f9856,3
f9857,4
f9858,8
f9859,8
f9860,7
f9861,6
f9862,7
f9863,5
f9864,2
f9865,2
f9866,3
f9867,8
f9868,7
f9869,6
f9870,7
f9871,6
f9872,7
f9873,9
f9874,7
f9875,8
f9876,4
f9877,5
f9878,8
f9879,1
f9880,2
f9881,9
f9882,4
f9883,1
f9884,3
f9885,6
f9886,1
f9887,3
f9888,8
f9889,1
f9890,7
f9891,6
f9892,3
f9893,3
f9894,6
f9895,3
f9896,0
f9897,6
f9898,4
f9899,4
f9900,3
f9901,7
f9902,4
f9903,4
f9904,9
f9905,6
f9906,1
f9907,5
f9908,7
f9909,6
f9910,1
f9911,4
f9912,7
f9913,9
f9914,9
f9915,5
f9916,9
f9917,9
f9918,1
f9919,8
f9920,2
f9921,2
f9922,9
f9923,6
f9924,1
f9925,7
f9926,5
f9927,1
f9928,2
f9929,6
f9930,5
f9931,6
f9932,5
f9933,5
f9934,8
f9935,8
f9936,5
f9937,5
f9938,4
f9939,2
f9940,7
f9941,1
f9942,7
f9943,4
f9944,9
f9945,0
f9946,7
f9947,2
f9948,8
f9949,7
f9950,3
f9951,5
f9952,2
f9953,3
f9954,9
f9955,5
f9956,1
f9957,8
f9958,6
f9959,6
f9960,2
f9961,1
f9962,9
f9963,3
f9964,2
f9965,7
f9966,8
f9967,7
f9968,0
f9969,0
f9970,5
f9971,4
f9972,2
f9973,8
f9974,6
f9975,0
f9976,8
f9977,2
f9978,1
f9979,0
f9980,4
f9981,2
f9982,1
f9983,3
f9984,1
f9985,7
f9986,7
f9987,6
f9988,5
f9989,6
f9990,2
f9991,7
f9992,3
f9993,4
f9994,6
f9995,1
f9996,5
f9997,0
f9998,4
f9999,7
f10000,9